[20:44:00.196] === Simulation session started ===
[20:44:00.527] === Simulation session started ===
[20:44:05.211] Fire detected at zone 1 (HIGH, remaining 30L)
[20:44:07.209] Fire detected at zone 2 (MODERATE, remaining 20L)
[20:44:09.209] Fire detected at zone 3 (LOW, remaining 10L)
[20:44:11.210] Fire detected at zone 4 (LOW, remaining 10L)
[20:44:13.211] Fire detected at zone 5 (LOW, remaining 10L)
[20:45:50.087] === Simulation session started ===
[20:45:50.408] === Simulation session started ===
[20:45:53.107] Drone 14 registered on port 7014
[20:45:53.108] Drone 2 registered on port 7002
[20:45:53.108] Drone 0 registered on port 7000
[20:45:53.108] Drone 5 registered on port 7005
[20:45:53.108] Drone 9 registered on port 7009
[20:45:53.109] Drone 7 registered on port 7007
[20:45:53.109] Drone 6 registered on port 7006
[20:45:53.109] Drone 15 registered on port 7015
[20:45:53.109] Drone 3 registered on port 7003
[20:45:53.109] Drone 18 registered on port 7018
[20:45:53.110] Drone 19 registered on port 7019
[20:45:53.110] Drone 10 registered on port 7010
[20:45:53.110] Drone 12 registered on port 7012
[20:45:53.110] Drone 4 registered on port 7004
[20:45:53.110] Drone 13 registered on port 7013
[20:45:53.111] Drone 8 registered on port 7008
[20:45:53.111] Drone 1 registered on port 7001
[20:45:53.111] Drone 11 registered on port 7011
[20:45:53.111] Drone 17 registered on port 7017
[20:45:53.111] Drone 16 registered on port 7016
[20:45:55.099] Fire detected at zone 1 (HIGH, remaining 30L)
[20:45:55.103] Drone 0 dispatched to zone 1 (HIGH)
[20:45:57.097] Fire detected at zone 2 (MODERATE, remaining 20L)
[20:45:57.098] Drone 1 dispatched to zone 2 (MODERATE)
[20:45:58.220] Drone 0 -> FAULTED
[20:45:58.222] [FAULT] Drone 0 faulted: DRONE_STUCK
[20:45:58.223] [REASSIGN] Reassigning zone 1 from drone 0
[20:45:58.224] Drone 2 dispatched to zone 1 (HIGH)
[20:45:59.098] Fire detected at zone 3 (LOW, remaining 10L)
[20:45:59.098] Drone 3 dispatched to zone 3 (LOW)
[20:45:59.101] [FAULT] Drone 3 faulted: PACKET_LOSS
[20:45:59.101] [REASSIGN] Reassigning zone 3 from drone 3
[20:45:59.599] Drone 4 dispatched to zone 3 (LOW)
[20:46:01.099] Fire detected at zone 4 (LOW, remaining 10L)
[20:46:01.099] Drone 5 dispatched to zone 4 (LOW)
[20:46:01.100] [FAULT] Ignored malformed packet
[20:46:01.101] Drone 5 -> FAULTED
[20:46:01.101] [FAULT] Drone 5 faulted: PACKET_CORRUPTION
[20:46:01.101] [REASSIGN] Reassigning zone 4 from drone 5
[20:46:01.600] Drone 6 dispatched to zone 4 (LOW)
[20:46:03.100] Fire detected at zone 5 (LOW, remaining 10L)
[20:46:03.100] Drone 7 dispatched to zone 5 (LOW)
[20:46:03.101] Drone 3 -> IDLE
[20:46:03.102] [RECOVERY] Drone 3 reset and is back in service
[20:46:03.102] Drone 7 -> FAULTED
[20:46:03.103] [HARD FAULT] Drone 7 shut down: NOZZLE_STUCK_OPEN
[20:46:03.103] [REASSIGN] Reassigning zone 5 from drone 7
[20:46:03.136] Drone 2 -> ARRIVED
[20:46:03.136] Drone 2 reached zone 1
[20:46:03.137] Drone 2 -> DROPPING_AGENT
[20:46:03.601] Drone 8 dispatched to zone 5 (LOW)
[20:46:05.101] Drone 5 -> IDLE
[20:46:05.101] [RECOVERY] Drone 5 reset and is back in service
[20:46:07.137] Drone 2 -> COMPLETED
[20:46:07.137] Drone 9 dispatched to zone 1 (HIGH)
[20:46:07.139] Drone 2 -> RETURNING
[20:46:07.918] Drone 1 -> ARRIVED
[20:46:07.919] Drone 1 reached zone 2
[20:46:07.919] Drone 1 -> DROPPING_AGENT
[20:46:07.919] Drone 1 -> FAULTED
[20:46:07.919] [FAULT] Drone 1 faulted: NOZZLE_STUCK_CLOSED
[20:46:07.919] [REASSIGN] Reassigning zone 2 from drone 1
[20:46:07.920] Drone 10 dispatched to zone 2 (MODERATE)
[20:46:08.221] Drone 0 -> IDLE
[20:46:08.221] [RECOVERY] Drone 0 reset and is back in service
[20:46:11.644] Drone 2 -> REFILLING
[20:46:11.919] Drone 1 -> IDLE
[20:46:11.919] [RECOVERY] Drone 1 reset and is back in service
[20:46:12.044] Drone 9 -> ARRIVED
[20:46:12.044] Drone 9 reached zone 1
[20:46:12.044] Drone 9 -> DROPPING_AGENT
[20:46:13.644] Drone 2 -> IDLE
[20:46:16.045] Drone 9 -> COMPLETED
[20:46:16.046] Zone 1 extinguished by drone 9
[20:46:16.046] Drone 9 -> RETURNING
[20:46:16.325] Drone 4 -> ARRIVED
[20:46:16.325] Drone 4 reached zone 3
[20:46:16.325] Drone 4 -> DROPPING_AGENT
[20:46:17.425] Drone 6 -> ARRIVED
[20:46:17.425] Drone 6 reached zone 4
[20:46:17.425] Drone 6 -> DROPPING_AGENT
[20:46:18.735] Drone 10 -> ARRIVED
[20:46:18.735] Drone 10 reached zone 2
[20:46:18.735] Drone 10 -> DROPPING_AGENT
[20:46:20.326] Drone 4 -> COMPLETED
[20:46:20.326] Zone 3 extinguished by drone 4
[20:46:20.326] Drone 4 -> RETURNING
[20:46:20.553] Drone 9 -> REFILLING
[20:46:21.426] Drone 6 -> COMPLETED
[20:46:21.426] Zone 4 extinguished by drone 6
[20:46:21.426] Drone 6 -> RETURNING
[20:46:22.553] Drone 9 -> IDLE
[20:46:22.736] Drone 10 -> COMPLETED
[20:46:22.736] Drone 10 -> RETURNING
[20:46:22.736] Drone 11 dispatched to zone 2 (MODERATE)
[20:46:24.234] Drone 8 -> ARRIVED
[20:46:24.234] Drone 8 reached zone 5
[20:46:24.234] Drone 8 -> DROPPING_AGENT
[20:46:28.235] Drone 8 -> COMPLETED
[20:46:28.235] Zone 5 extinguished by drone 8
[20:46:28.235] Drone 8 -> RETURNING
[20:46:32.648] Drone 10 -> REFILLING
[20:46:33.549] Drone 11 -> ARRIVED
[20:46:33.550] Drone 11 reached zone 2
[20:46:33.550] Drone 11 -> DROPPING_AGENT
[20:46:34.649] Drone 10 -> IDLE
[20:46:35.951] Drone 6 -> REFILLING
[20:46:36.051] Drone 4 -> REFILLING
[20:46:37.550] Drone 11 -> COMPLETED
[20:46:37.550] Zone 2 extinguished by drone 11
[20:46:37.551] Drone 11 -> RETURNING
[20:46:37.952] Drone 6 -> IDLE
[20:46:38.052] Drone 4 -> IDLE
[20:49:56.755] === Simulation session started ===
[20:49:57.064] === Simulation session started ===
[20:49:59.768] Drone 7 registered on port 7007
[20:50:01.772] Fire detected at zone 1 (HIGH, remaining 30L)
[20:50:01.777] Drone 7 dispatched to zone 1 (HIGH)
[20:50:03.769] Fire detected at zone 2 (MODERATE, remaining 20L)
[20:50:04.893] Drone 7 -> FAULTED
[20:50:04.895] [FAULT] Drone 7 faulted: DRONE_STUCK
[20:50:04.896] [REASSIGN] Reassigning zone 1 from drone 7
[20:50:05.770] Fire detected at zone 3 (LOW, remaining 10L)
[20:50:07.770] Fire detected at zone 4 (LOW, remaining 10L)
[20:50:09.771] Fire detected at zone 5 (LOW, remaining 10L)
[20:50:14.894] Drone 7 -> IDLE
[20:50:14.895] [RECOVERY] Drone 7 reset and is back in service
[20:50:46.479] === Simulation session started ===
[20:50:46.774] === Simulation session started ===
[20:50:51.526] Fire detected at zone 1 (HIGH, remaining 30L)
[20:50:53.523] Fire detected at zone 2 (MODERATE, remaining 20L)
[20:50:55.524] Fire detected at zone 3 (LOW, remaining 10L)
[20:50:57.524] Fire detected at zone 4 (LOW, remaining 10L)
[20:50:59.525] Fire detected at zone 5 (LOW, remaining 10L)
[20:52:20.110] === Simulation session started ===
[20:52:20.438] === Simulation session started ===
[20:52:23.112] Drone 16 registered on port 7016
[20:52:23.112] Drone 19 registered on port 7019
[20:52:23.113] Drone 2 registered on port 7002
[20:52:23.113] Drone 5 registered on port 7005
[20:52:23.113] Drone 3 registered on port 7003
[20:52:23.113] Drone 18 registered on port 7018
[20:52:23.114] Drone 7 registered on port 7007
[20:52:23.114] Drone 11 registered on port 7011
[20:52:23.115] Drone 6 registered on port 7006
[20:52:23.115] Drone 8 registered on port 7008
[20:52:23.115] Drone 0 registered on port 7000
[20:52:23.115] Drone 10 registered on port 7010
[20:52:23.116] Drone 13 registered on port 7013
[20:52:23.116] Drone 4 registered on port 7004
[20:52:23.116] Drone 12 registered on port 7012
[20:52:23.117] Drone 15 registered on port 7015
[20:52:23.117] Drone 1 registered on port 7001
[20:52:23.117] Drone 9 registered on port 7009
[20:52:23.117] Drone 17 registered on port 7017
[20:52:23.118] Drone 14 registered on port 7014
[20:52:25.068] Fire detected at zone 1 (HIGH, remaining 30L)
[20:52:25.072] Drone 0 dispatched to zone 1 (HIGH)
[20:52:27.066] Fire detected at zone 2 (MODERATE, remaining 20L)
[20:52:27.067] Drone 1 dispatched to zone 2 (MODERATE)
[20:52:28.189] Drone 0 -> FAULTED
[20:52:28.191] [FAULT] Drone 0 faulted: DRONE_STUCK
[20:52:28.191] [REASSIGN] Reassigning zone 1 from drone 0
[20:52:28.192] Drone 2 dispatched to zone 1 (HIGH)
[20:52:29.066] Fire detected at zone 3 (LOW, remaining 10L)
[20:52:29.067] Drone 3 dispatched to zone 3 (LOW)
[20:52:29.069] [FAULT] Drone 3 faulted: PACKET_LOSS
[20:52:29.069] [REASSIGN] Reassigning zone 3 from drone 3
[20:52:29.568] Drone 4 dispatched to zone 3 (LOW)
[20:52:31.067] Fire detected at zone 4 (LOW, remaining 10L)
[20:52:31.068] Drone 5 dispatched to zone 4 (LOW)
[20:52:31.069] [FAULT] Ignored malformed packet
[20:52:31.069] Drone 5 -> FAULTED
[20:52:31.070] [FAULT] Drone 5 faulted: PACKET_CORRUPTION
[20:52:31.070] [REASSIGN] Reassigning zone 4 from drone 5
[20:52:31.569] Drone 6 dispatched to zone 4 (LOW)
[20:52:33.068] Fire detected at zone 5 (LOW, remaining 10L)
[20:52:33.069] Drone 7 dispatched to zone 5 (LOW)
[20:52:33.069] Drone 3 -> IDLE
[20:52:33.070] [RECOVERY] Drone 3 reset and is back in service
[20:52:33.070] Drone 7 -> FAULTED
[20:52:33.071] [HARD FAULT] Drone 7 shut down: NOZZLE_STUCK_OPEN
[20:52:33.071] [REASSIGN] Reassigning zone 5 from drone 7
[20:52:33.105] Drone 2 -> ARRIVED
[20:52:33.105] Drone 2 reached zone 1
[20:52:33.105] Drone 2 -> DROPPING_AGENT
[20:52:33.569] Drone 8 dispatched to zone 5 (LOW)
[20:52:35.069] Drone 5 -> IDLE
[20:52:35.070] [RECOVERY] Drone 5 reset and is back in service
[20:52:37.106] Drone 2 -> COMPLETED
[20:52:37.106] Drone 9 dispatched to zone 1 (HIGH)
[20:52:37.108] Drone 2 -> RETURNING
[20:52:37.887] Drone 1 -> ARRIVED
[20:52:37.887] Drone 1 reached zone 2
[20:52:37.887] Drone 1 -> DROPPING_AGENT
[20:52:37.888] Drone 1 -> FAULTED
[20:52:37.888] [FAULT] Drone 1 faulted: NOZZLE_STUCK_CLOSED
[20:52:37.888] [REASSIGN] Reassigning zone 2 from drone 1
[20:52:37.888] Drone 10 dispatched to zone 2 (MODERATE)
[20:52:38.189] Drone 0 -> IDLE
[20:52:38.190] [RECOVERY] Drone 0 reset and is back in service
[20:52:41.614] Drone 2 -> REFILLING
[20:52:41.888] Drone 1 -> IDLE
[20:52:41.888] [RECOVERY] Drone 1 reset and is back in service
[20:52:42.016] Drone 9 -> ARRIVED
[20:52:42.016] Drone 9 reached zone 1
[20:52:42.016] Drone 9 -> DROPPING_AGENT
[20:52:43.615] Drone 2 -> IDLE
[20:52:46.017] Drone 9 -> COMPLETED
[20:52:46.018] Zone 1 extinguished by drone 9
[20:52:46.018] Drone 9 -> RETURNING
[20:52:46.294] Drone 4 -> ARRIVED
[20:52:46.294] Drone 4 reached zone 3
[20:52:46.294] Drone 4 -> DROPPING_AGENT
[20:52:47.396] Drone 6 -> ARRIVED
[20:52:47.396] Drone 6 reached zone 4
[20:52:47.397] Drone 6 -> DROPPING_AGENT
[20:52:48.709] Drone 10 -> ARRIVED
[20:52:48.709] Drone 10 reached zone 2
[20:52:48.709] Drone 10 -> DROPPING_AGENT
[20:52:50.295] Drone 4 -> COMPLETED
[20:52:50.295] Zone 3 extinguished by drone 4
[20:52:50.295] Drone 4 -> RETURNING
[20:52:50.526] Drone 9 -> REFILLING
[20:52:51.397] Drone 6 -> COMPLETED
[20:52:51.397] Zone 4 extinguished by drone 6
[20:52:51.397] Drone 6 -> RETURNING
[20:52:52.527] Drone 9 -> IDLE
[20:52:52.709] Drone 10 -> COMPLETED
[20:52:52.709] Drone 10 -> RETURNING
[20:52:52.710] Drone 11 dispatched to zone 2 (MODERATE)
[20:52:54.206] Drone 8 -> ARRIVED
[20:52:54.206] Drone 8 reached zone 5
[20:52:54.206] Drone 8 -> DROPPING_AGENT
[20:54:29.397] === Simulation session started ===
[20:54:29.694] === Simulation session started ===
[20:54:32.440] Drone 15 registered on port 7015
[20:54:32.441] Drone 5 registered on port 7005
[20:54:32.441] Drone 10 registered on port 7010
[20:54:32.441] Drone 18 registered on port 7018
[20:54:32.442] Drone 8 registered on port 7008
[20:54:32.442] Drone 11 registered on port 7011
[20:54:32.442] Drone 19 registered on port 7019
[20:54:32.443] Drone 2 registered on port 7002
[20:54:32.443] Drone 17 registered on port 7017
[20:54:32.443] Drone 4 registered on port 7004
[20:54:32.443] Drone 3 registered on port 7003
[20:54:32.444] Drone 7 registered on port 7007
[20:54:32.444] Drone 14 registered on port 7014
[20:54:32.444] Drone 1 registered on port 7001
[20:54:32.445] Drone 9 registered on port 7009
[20:54:32.445] Drone 13 registered on port 7013
[20:54:32.445] Drone 12 registered on port 7012
[20:54:32.446] Drone 6 registered on port 7006
[20:54:32.446] Drone 0 registered on port 7000
[20:54:32.446] Drone 16 registered on port 7016
[20:54:34.416] Fire detected at zone 1 (HIGH, remaining 30L)
[20:54:34.419] Drone 0 dispatched to zone 1 (HIGH)
[20:54:36.414] Fire detected at zone 2 (MODERATE, remaining 20L)
[20:54:36.414] Drone 1 dispatched to zone 2 (MODERATE)
[20:54:37.535] Drone 0 -> FAULTED
[20:54:37.537] [FAULT] Drone 0 faulted: DRONE_STUCK
[20:54:37.537] [REASSIGN] Reassigning zone 1 from drone 0
[20:54:37.538] Drone 2 dispatched to zone 1 (HIGH)
[20:54:38.414] Fire detected at zone 3 (LOW, remaining 10L)
[20:54:38.415] Drone 3 dispatched to zone 3 (LOW)
[20:54:38.417] [FAULT] Drone 3 faulted: PACKET_LOSS
[20:54:38.417] [REASSIGN] Reassigning zone 3 from drone 3
[20:54:38.916] Drone 4 dispatched to zone 3 (LOW)
[20:56:02.110] === Simulation session started ===
[20:56:02.401] === Simulation session started ===
[20:56:05.148] Drone 5 registered on port 7005
[20:56:05.149] Drone 14 registered on port 7014
[20:56:05.149] Drone 1 registered on port 7001
[20:56:05.149] Drone 3 registered on port 7003
[20:56:05.149] Drone 16 registered on port 7016
[20:56:05.150] Drone 15 registered on port 7015
[20:56:05.150] Drone 9 registered on port 7009
[20:56:05.150] Drone 7 registered on port 7007
[20:56:05.150] Drone 10 registered on port 7010
[20:56:05.150] Drone 13 registered on port 7013
[20:56:05.151] Drone 6 registered on port 7006
[20:56:05.151] Drone 4 registered on port 7004
[20:56:05.151] Drone 0 registered on port 7000
[20:56:05.151] Drone 12 registered on port 7012
[20:56:05.152] Drone 17 registered on port 7017
[20:56:05.152] Drone 2 registered on port 7002
[20:56:05.152] Drone 8 registered on port 7008
[20:56:05.152] Drone 11 registered on port 7011
[20:56:05.152] Drone 18 registered on port 7018
[20:56:05.153] Drone 19 registered on port 7019
[20:56:07.105] Fire detected at zone 1 (HIGH, remaining 30L)
[20:56:07.110] Drone 0 dispatched to zone 1 (HIGH)
[20:56:09.102] Fire detected at zone 2 (MODERATE, remaining 20L)
[20:56:09.103] Drone 1 dispatched to zone 2 (MODERATE)
[20:56:10.227] Drone 0 -> FAULTED
[20:56:10.229] [FAULT] Drone 0 faulted: DRONE_STUCK
[20:56:10.230] [REASSIGN] Reassigning zone 1 from drone 0
[20:56:10.231] Drone 2 dispatched to zone 1 (HIGH)
[20:56:11.103] Fire detected at zone 3 (LOW, remaining 10L)
[20:56:11.103] Drone 3 dispatched to zone 3 (LOW)
[20:56:11.105] [FAULT] Drone 3 faulted: PACKET_LOSS
[20:56:11.105] [REASSIGN] Reassigning zone 3 from drone 3
[20:56:11.604] Drone 4 dispatched to zone 3 (LOW)
[20:56:13.104] Fire detected at zone 4 (LOW, remaining 10L)
[20:56:13.105] Drone 5 dispatched to zone 4 (LOW)
[20:56:13.107] [FAULT] Ignored malformed packet
[20:56:13.108] Drone 5 -> FAULTED
[20:56:13.108] [FAULT] Drone 5 faulted: PACKET_CORRUPTION
[20:56:13.109] [REASSIGN] Reassigning zone 4 from drone 5
[20:56:13.606] Drone 6 dispatched to zone 4 (LOW)
[20:56:15.105] Fire detected at zone 5 (LOW, remaining 10L)
[20:56:15.105] Drone 7 dispatched to zone 5 (LOW)
[20:56:15.105] Drone 3 -> IDLE
[20:56:15.106] [RECOVERY] Drone 3 reset and is back in service
[20:56:15.107] Drone 7 -> FAULTED
[20:56:15.107] [HARD FAULT] Drone 7 shut down: NOZZLE_STUCK_OPEN
[20:56:15.107] [REASSIGN] Reassigning zone 5 from drone 7
[20:56:15.145] Drone 2 -> ARRIVED
[20:56:15.145] Drone 2 reached zone 1
[20:56:15.145] Drone 2 -> DROPPING_AGENT
[20:56:15.606] Drone 8 dispatched to zone 5 (LOW)
[20:56:17.108] Drone 5 -> IDLE
[20:56:17.109] [RECOVERY] Drone 5 reset and is back in service
[20:56:19.145] Drone 2 -> COMPLETED
[20:56:19.146] Drone 9 dispatched to zone 1 (HIGH)
[20:56:19.147] Drone 2 -> RETURNING
[20:56:19.924] Drone 1 -> ARRIVED
[20:56:19.924] Drone 1 reached zone 2
[20:56:19.924] Drone 1 -> DROPPING_AGENT
[20:56:19.925] Drone 1 -> FAULTED
[20:56:19.925] [FAULT] Drone 1 faulted: NOZZLE_STUCK_CLOSED
[20:56:19.925] [REASSIGN] Reassigning zone 2 from drone 1
[20:56:19.925] Drone 10 dispatched to zone 2 (MODERATE)
[20:56:20.227] Drone 0 -> IDLE
[20:56:20.228] [RECOVERY] Drone 0 reset and is back in service
[20:56:23.652] Drone 2 -> REFILLING
[20:56:23.925] Drone 1 -> IDLE
[20:56:23.925] [RECOVERY] Drone 1 reset and is back in service
[20:56:24.053] Drone 9 -> ARRIVED
[20:56:24.053] Drone 9 reached zone 1
[20:56:24.053] Drone 9 -> DROPPING_AGENT
[20:56:25.653] Drone 2 -> IDLE
[20:56:28.054] Drone 9 -> COMPLETED
[20:56:28.055] Zone 1 extinguished by drone 9
[20:56:28.055] Drone 9 -> RETURNING
[20:56:28.331] Drone 4 -> ARRIVED
[20:56:28.331] Drone 4 reached zone 3
[20:56:28.331] Drone 4 -> DROPPING_AGENT
[20:57:06.176] === Simulation session started ===
[20:57:06.486] === Simulation session started ===
[20:57:09.160] Drone 1 registered on port 7001
[20:57:09.161] Drone 11 registered on port 7011
[20:57:09.161] Drone 15 registered on port 7015
[20:57:09.161] Drone 9 registered on port 7009
[20:57:09.161] Drone 18 registered on port 7018
[20:57:09.162] Drone 16 registered on port 7016
[20:57:09.162] Drone 6 registered on port 7006
[20:57:09.162] Drone 2 registered on port 7002
[20:57:09.162] Drone 4 registered on port 7004
[20:57:09.163] Drone 12 registered on port 7012
[20:57:09.163] Drone 17 registered on port 7017
[20:57:09.163] Drone 13 registered on port 7013
[20:57:09.163] Drone 0 registered on port 7000
[20:57:09.163] Drone 8 registered on port 7008
[20:57:09.164] Drone 7 registered on port 7007
[20:57:09.164] Drone 5 registered on port 7005
[20:57:09.164] Drone 10 registered on port 7010
[20:57:09.164] Drone 3 registered on port 7003
[20:57:09.164] Drone 14 registered on port 7014
[20:57:09.164] Drone 19 registered on port 7019
[20:57:11.168] Fire detected at zone 1 (HIGH, remaining 30L)
[20:57:11.172] Drone 0 dispatched to zone 1 (HIGH)
[20:57:13.166] Fire detected at zone 2 (MODERATE, remaining 20L)
[20:57:13.166] Drone 1 dispatched to zone 2 (MODERATE)
[20:57:14.287] Drone 0 -> FAULTED
[20:57:14.289] [FAULT] Drone 0 faulted: DRONE_STUCK
[20:57:14.289] [REASSIGN] Reassigning zone 1 from drone 0
[20:57:14.290] Drone 2 dispatched to zone 1 (HIGH)
[20:57:15.166] Fire detected at zone 3 (LOW, remaining 10L)
[20:57:15.167] Drone 3 dispatched to zone 3 (LOW)
[20:57:15.169] [FAULT] Drone 3 faulted: PACKET_LOSS
[20:57:15.169] [REASSIGN] Reassigning zone 3 from drone 3
[20:57:15.668] Drone 4 dispatched to zone 3 (LOW)
[20:57:17.167] Fire detected at zone 4 (LOW, remaining 10L)
[20:57:17.167] Drone 5 dispatched to zone 4 (LOW)
[20:57:17.168] [FAULT] Ignored malformed packet
[20:57:17.169] Drone 5 -> FAULTED
[20:57:17.169] [FAULT] Drone 5 faulted: PACKET_CORRUPTION
[20:57:17.169] [REASSIGN] Reassigning zone 4 from drone 5
[20:57:17.668] Drone 6 dispatched to zone 4 (LOW)
[20:57:19.168] Fire detected at zone 5 (LOW, remaining 10L)
[20:57:19.168] Drone 7 dispatched to zone 5 (LOW)
[20:57:19.169] Drone 3 -> IDLE
[20:57:19.169] [RECOVERY] Drone 3 reset and is back in service
[20:57:19.170] Drone 7 -> FAULTED
[20:57:19.170] [HARD FAULT] Drone 7 shut down: NOZZLE_STUCK_OPEN
[20:57:19.170] [REASSIGN] Reassigning zone 5 from drone 7
[20:57:19.203] Drone 2 -> ARRIVED
[20:57:19.203] Drone 2 reached zone 1
[20:57:19.203] Drone 2 -> DROPPING_AGENT
[20:57:19.669] Drone 8 dispatched to zone 5 (LOW)
[20:57:21.169] Drone 5 -> IDLE
[20:57:21.169] [RECOVERY] Drone 5 reset and is back in service
[20:57:23.204] Drone 2 -> COMPLETED
[20:57:23.204] Drone 9 dispatched to zone 1 (HIGH)
[20:57:23.206] Drone 2 -> RETURNING
[20:57:23.987] Drone 1 -> ARRIVED
[20:57:23.987] Drone 1 reached zone 2
[20:57:23.987] Drone 1 -> DROPPING_AGENT
[20:57:23.987] Drone 1 -> FAULTED
[20:57:23.988] [FAULT] Drone 1 faulted: NOZZLE_STUCK_CLOSED
[20:57:23.988] [REASSIGN] Reassigning zone 2 from drone 1
[20:57:23.988] Drone 10 dispatched to zone 2 (MODERATE)
[20:57:24.287] Drone 0 -> IDLE
[20:57:24.287] [RECOVERY] Drone 0 reset and is back in service
[20:57:27.710] Drone 2 -> REFILLING
[20:57:27.988] Drone 1 -> IDLE
[20:57:27.988] [RECOVERY] Drone 1 reset and is back in service
[20:57:28.113] Drone 9 -> ARRIVED
[20:57:28.113] Drone 9 reached zone 1
[20:57:28.113] Drone 9 -> DROPPING_AGENT
[20:57:29.711] Drone 2 -> IDLE
[20:57:32.114] Drone 9 -> COMPLETED
[20:57:32.115] Zone 1 extinguished by drone 9
[20:57:32.115] Drone 9 -> RETURNING
[20:57:32.392] Drone 4 -> ARRIVED
[20:57:32.392] Drone 4 reached zone 3
[20:57:32.392] Drone 4 -> DROPPING_AGENT
[20:57:33.494] Drone 6 -> ARRIVED
[20:57:33.494] Drone 6 reached zone 4
[20:57:33.494] Drone 6 -> DROPPING_AGENT
[20:57:34.807] Drone 10 -> ARRIVED
[20:57:34.807] Drone 10 reached zone 2
[20:57:34.807] Drone 10 -> DROPPING_AGENT
[20:57:36.393] Drone 4 -> COMPLETED
[20:57:36.393] Zone 3 extinguished by drone 4
[20:57:36.394] Drone 4 -> RETURNING
[20:57:36.623] Drone 9 -> REFILLING
[20:57:37.495] Drone 6 -> COMPLETED
[20:57:37.495] Zone 4 extinguished by drone 6
[20:57:37.495] Drone 6 -> RETURNING
[20:57:38.623] Drone 9 -> IDLE
[20:57:38.808] Drone 10 -> COMPLETED
[20:57:38.808] Drone 10 -> RETURNING
[20:57:38.808] Drone 11 dispatched to zone 2 (MODERATE)
[20:59:29.373] === Simulation session started ===
[20:59:29.374] Drone 99 registered on port 16151
[20:59:29.575] Fire detected at zone 1 (LOW, remaining 10L)
[20:59:29.578] Drone 99 dispatched to zone 1 (LOW)
[20:59:29.585] === Simulation session started ===
[20:59:29.586] Drone 1 registered on port 16451
[20:59:29.586] Drone 2 registered on port 16452
[20:59:29.786] Fire detected at zone 1 (LOW, remaining 10L)
[20:59:29.787] Drone 1 dispatched to zone 1 (LOW)
[20:59:30.287] [HARD FAULT] Drone 1 shut down: NOZZLE_STUCK_OPEN
[20:59:30.287] [REASSIGN] Reassigning zone 1 from drone 1
[20:59:30.289] Drone 2 dispatched to zone 1 (LOW)
[20:59:30.296] === Simulation session started ===
[20:59:30.298] Drone 1 registered on port 16251
[20:59:30.298] Drone 2 registered on port 16252
[20:59:30.498] Fire detected at zone 1 (LOW, remaining 10L)
[20:59:30.499] Drone 1 dispatched to zone 1 (LOW)
[20:59:30.999] [FAULT] Drone 1 faulted: NOZZLE_STUCK_CLOSED
[20:59:31.000] [REASSIGN] Reassigning zone 1 from drone 1
[20:59:31.000] Drone 2 dispatched to zone 1 (LOW)
[20:59:31.005] === Simulation session started ===
[20:59:31.006] Drone 1 registered on port 16351
[20:59:31.006] Drone 2 registered on port 16352
[20:59:31.206] Fire detected at zone 1 (LOW, remaining 10L)
[20:59:31.207] Drone 1 dispatched to zone 1 (LOW)
[20:59:36.006] [TIMEOUT] Drone 1 timed out — assumed stuck mid-flight
[20:59:36.006] [REASSIGN] Reassigning zone 1 from timed-out drone 1
[20:59:36.007] Drone 2 dispatched to zone 1 (LOW)
[20:59:36.013] === Simulation session started ===
[20:59:36.013] Drone 1 registered on port 16751
[20:59:36.014] Drone 2 registered on port 16752
[20:59:36.214] Fire detected at zone 1 (LOW, remaining 10L)
[20:59:36.215] Drone 1 dispatched to zone 1 (LOW)
[20:59:36.515] Drone 1 -> ARRIVED
[20:59:36.515] Drone 1 reached zone 1
[20:59:36.515] Drone 1 -> COMPLETED
[20:59:36.515] Zone 1 extinguished by drone 1
[20:59:36.516] Drone 1 -> IDLE
[20:59:36.615] Fire detected at zone 2 (LOW, remaining 10L)
[20:59:36.716] Drone 2 dispatched to zone 2 (LOW)
[20:59:36.720] === Simulation session started ===
[20:59:36.721] Fire detected at zone 1 (LOW, remaining 10L)
[20:59:36.721] Fire detected at zone 2 (LOW, remaining 10L)
[20:59:36.721] Fire detected at zone 3 (LOW, remaining 10L)
[20:59:36.821] Drone 300 registered on port 16650
[20:59:37.122] Drone 300 -> ARRIVED
[20:59:37.122] Drone 300 -> COMPLETED
[20:59:37.123] Drone 300 -> IDLE
[20:59:37.323] Drone 300 -> ARRIVED
[20:59:37.323] Drone 300 -> COMPLETED
[20:59:37.323] Drone 300 -> IDLE
[20:59:37.523] Drone 300 -> ARRIVED
[20:59:37.523] Drone 300 -> COMPLETED
[20:59:37.523] Drone 300 -> IDLE
[20:59:37.723] Drone 300 dispatched to zone 1 (LOW)
[20:59:37.723] Drone 300 -> ARRIVED
[20:59:37.723] Drone 300 reached zone 1
[20:59:37.723] Drone 300 -> COMPLETED
[20:59:37.723] Zone 1 extinguished by drone 300
[20:59:37.723] Drone 300 -> IDLE
[20:59:37.923] Drone 300 -> ARRIVED
[20:59:37.923] Drone 300 -> COMPLETED
[20:59:37.923] Drone 300 -> IDLE
[20:59:38.224] Drone 300 dispatched to zone 2 (LOW)
[20:59:38.725] Drone 300 dispatched to zone 3 (LOW)
[20:59:38.727] === Simulation session started ===
[20:59:38.980] === Simulation session started ===
[20:59:39.233] === Simulation session started ===
[20:59:39.990] === Simulation session started ===
[20:59:39.991] Drone 1 registered on port 35235
[20:59:39.991] Drone 2 registered on port 35286
[20:59:39.992] Fire detected at zone 1 (LOW, remaining 10L)
[20:59:39.992] Drone 1 dispatched to zone 1 (LOW)
[20:59:39.993] Drone 1 -> COMPLETED
[20:59:39.993] Zone 1 extinguished by drone 1
[20:59:39.994] Drone 1 -> IDLE
[20:59:39.994] Fire detected at zone 2 (LOW, remaining 10L)
[20:59:40.493] Drone 2 dispatched to zone 2 (LOW)
[20:59:40.497] === Simulation session started ===
[20:59:40.498] === Simulation session started ===
[20:59:40.499] === Simulation session started ===
[20:59:40.499] === Simulation session started ===
[20:59:40.504] === Simulation session started ===
[20:59:40.505] === Simulation session started ===
[20:59:40.506] === Simulation session started ===
[20:59:40.507] === Simulation session started ===
[20:59:42.162] === Simulation session started ===
[20:59:42.163] === Simulation session started ===
[20:59:42.164] === Simulation session started ===
[20:59:42.919] === Simulation session started ===
[20:59:42.920] === Simulation session started ===
[20:59:42.921] === Simulation session started ===
[20:59:43.695] === Simulation session started ===
[20:59:46.603] === Simulation session started ===
[20:59:49.511] === Simulation session started ===
[20:59:49.764] === Simulation session started ===
[21:06:39.355] === Simulation session started ===
[21:06:39.357] Drone 99 registered on port 16151
[21:06:39.558] Fire detected at zone 1 (LOW, remaining 10L)
[21:06:39.561] Drone 99 dispatched to zone 1 (LOW)
[21:06:39.570] === Simulation session started ===
[21:06:39.571] Drone 1 registered on port 16451
[21:06:39.572] Drone 2 registered on port 16452
[21:06:39.772] Fire detected at zone 1 (LOW, remaining 10L)
[21:06:39.773] Drone 1 dispatched to zone 1 (LOW)
[21:06:40.273] [HARD FAULT] Drone 1 shut down: NOZZLE_STUCK_OPEN
[21:06:40.274] [REASSIGN] Reassigning zone 1 from drone 1
[21:06:40.276] Drone 2 dispatched to zone 1 (LOW)
[21:06:40.286] === Simulation session started ===
[21:06:40.287] Drone 1 registered on port 16251
[21:06:40.288] Drone 2 registered on port 16252
[21:06:40.488] Fire detected at zone 1 (LOW, remaining 10L)
[21:06:40.489] Drone 1 dispatched to zone 1 (LOW)
[21:06:40.989] [FAULT] Drone 1 faulted: NOZZLE_STUCK_CLOSED
[21:06:40.990] [REASSIGN] Reassigning zone 1 from drone 1
[21:06:40.990] Drone 2 dispatched to zone 1 (LOW)
[21:06:40.996] === Simulation session started ===
[21:06:40.997] Drone 1 registered on port 16351
[21:06:40.997] Drone 2 registered on port 16352
[21:06:41.198] Fire detected at zone 1 (LOW, remaining 10L)
[21:06:41.198] Drone 1 dispatched to zone 1 (LOW)
[21:06:45.997] [TIMEOUT] Drone 1 timed out — assumed stuck mid-flight
[21:06:45.997] [REASSIGN] Reassigning zone 1 from timed-out drone 1
[21:06:45.998] Drone 2 dispatched to zone 1 (LOW)
[21:06:46.004] === Simulation session started ===
[21:06:46.005] Drone 1 registered on port 16751
[21:06:46.005] Drone 2 registered on port 16752
[21:06:46.206] Fire detected at zone 1 (LOW, remaining 10L)
[21:06:46.207] Drone 1 dispatched to zone 1 (LOW)
[21:06:46.506] Drone 1 -> ARRIVED
[21:06:46.506] Drone 1 reached zone 1
[21:06:46.507] Drone 1 -> COMPLETED
[21:06:46.507] Zone 1 extinguished by drone 1
[21:06:46.507] Drone 1 -> IDLE
[21:06:46.606] Fire detected at zone 2 (LOW, remaining 10L)
[21:06:46.708] Drone 2 dispatched to zone 2 (LOW)
[21:06:46.713] === Simulation session started ===
[21:06:46.713] Fire detected at zone 1 (LOW, remaining 10L)
[21:06:46.714] Fire detected at zone 2 (LOW, remaining 10L)
[21:06:46.714] Fire detected at zone 3 (LOW, remaining 10L)
[21:06:46.814] Drone 300 registered on port 16650
[21:06:47.115] Drone 300 -> ARRIVED
[21:06:47.115] Drone 300 -> COMPLETED
[21:06:47.115] Drone 300 -> IDLE
[21:06:47.315] Drone 300 -> ARRIVED
[21:06:47.315] Drone 300 -> COMPLETED
[21:06:47.315] Drone 300 -> IDLE
[21:06:47.515] Drone 300 -> ARRIVED
[21:06:47.515] Drone 300 -> COMPLETED
[21:06:47.515] Drone 300 -> IDLE
[21:06:47.715] Drone 300 dispatched to zone 1 (LOW)
[21:06:47.715] Drone 300 -> ARRIVED
[21:06:47.715] Drone 300 reached zone 1
[21:06:47.715] Drone 300 -> COMPLETED
[21:06:47.715] Zone 1 extinguished by drone 300
[21:06:47.715] Drone 300 -> IDLE
[21:06:47.915] Drone 300 -> ARRIVED
[21:06:47.915] Drone 300 -> COMPLETED
[21:06:47.916] Drone 300 -> IDLE
[21:06:48.216] Drone 300 dispatched to zone 2 (LOW)
[21:06:48.717] Drone 300 dispatched to zone 3 (LOW)
[21:06:48.720] === Simulation session started ===
[21:06:48.973] === Simulation session started ===
[21:06:49.226] === Simulation session started ===
[21:06:49.983] === Simulation session started ===
[21:06:49.984] Drone 1 registered on port 60724
[21:06:49.984] Drone 2 registered on port 47633
[21:06:49.985] Fire detected at zone 1 (LOW, remaining 10L)
[21:06:49.986] Drone 1 dispatched to zone 1 (LOW)
[21:06:49.987] Drone 1 -> COMPLETED
[21:06:49.987] Zone 1 extinguished by drone 1
[21:06:49.988] Drone 1 -> IDLE
[21:06:49.989] Fire detected at zone 2 (LOW, remaining 10L)
[21:06:50.487] Drone 2 dispatched to zone 2 (LOW)
[21:06:50.491] === Simulation session started ===
[21:06:50.493] === Simulation session started ===
[21:06:50.494] === Simulation session started ===
[21:06:50.495] === Simulation session started ===
[21:06:50.500] === Simulation session started ===
[21:06:50.502] === Simulation session started ===
[21:06:50.503] === Simulation session started ===
[21:06:50.505] === Simulation session started ===
[21:06:52.160] === Simulation session started ===
[21:06:52.161] === Simulation session started ===
[21:06:52.163] === Simulation session started ===
[21:06:52.917] === Simulation session started ===
[21:06:52.918] === Simulation session started ===
[21:06:52.919] === Simulation session started ===
[21:06:53.697] === Simulation session started ===
[21:06:56.604] === Simulation session started ===
[21:06:59.514] === Simulation session started ===
[21:06:59.767] === Simulation session started ===
[21:07:43.782] === Simulation session started ===
[21:07:44.094] === Simulation session started ===
[21:07:46.806] Drone 15 registered on port 7015
[21:07:46.807] Drone 4 registered on port 7004
[21:07:46.807] Drone 10 registered on port 7010
[21:07:46.807] Drone 8 registered on port 7008
[21:07:46.807] Drone 3 registered on port 7003
[21:07:46.808] Drone 19 registered on port 7019
[21:07:46.808] Drone 6 registered on port 7006
[21:07:46.808] Drone 14 registered on port 7014
[21:07:46.808] Drone 2 registered on port 7002
[21:07:46.809] Drone 1 registered on port 7001
[21:07:46.809] Drone 16 registered on port 7016
[21:07:46.809] Drone 0 registered on port 7000
[21:07:46.809] Drone 12 registered on port 7012
[21:07:46.809] Drone 9 registered on port 7009
[21:07:46.810] Drone 11 registered on port 7011
[21:07:46.810] Drone 5 registered on port 7005
[21:07:46.810] Drone 7 registered on port 7007
[21:07:46.810] Drone 13 registered on port 7013
[21:07:46.810] Drone 18 registered on port 7018
[21:07:46.811] Drone 17 registered on port 7017
[21:07:48.773] Fire detected at zone 1 (HIGH, remaining 30L)
[21:07:48.777] Drone 0 dispatched to zone 1 (HIGH)
[21:07:50.771] Fire detected at zone 2 (MODERATE, remaining 20L)
[21:07:50.771] Drone 1 dispatched to zone 2 (MODERATE)
[21:07:51.894] Drone 0 -> FAULTED
[21:07:51.896] [FAULT] Drone 0 faulted: DRONE_STUCK
[21:07:51.896] [REASSIGN] Reassigning zone 1 from drone 0
[21:07:51.898] Drone 2 dispatched to zone 1 (HIGH)
[21:07:52.771] Fire detected at zone 3 (LOW, remaining 10L)
[21:07:52.772] Drone 3 dispatched to zone 3 (LOW)
[21:07:52.774] [FAULT] Drone 3 faulted: PACKET_LOSS
[21:07:52.774] [REASSIGN] Reassigning zone 3 from drone 3
[21:07:53.273] Drone 4 dispatched to zone 3 (LOW)
[21:07:54.772] Fire detected at zone 4 (LOW, remaining 10L)
[21:07:54.772] Drone 5 dispatched to zone 4 (LOW)
[21:07:54.774] [FAULT] Ignored malformed packet
[21:07:54.774] Drone 5 -> FAULTED
[21:07:54.774] [FAULT] Drone 5 faulted: PACKET_CORRUPTION
[21:07:54.774] [REASSIGN] Reassigning zone 4 from drone 5
[21:07:55.273] Drone 6 dispatched to zone 4 (LOW)
[21:07:56.773] Fire detected at zone 5 (LOW, remaining 10L)
[21:07:56.773] Drone 7 dispatched to zone 5 (LOW)
[21:07:56.774] Drone 3 -> IDLE
[21:07:56.775] [RECOVERY] Drone 3 reset and is back in service
[21:07:56.775] Drone 7 -> FAULTED
[21:07:56.776] [HARD FAULT] Drone 7 shut down: NOZZLE_STUCK_OPEN
[21:07:56.776] [REASSIGN] Reassigning zone 5 from drone 7
[21:07:56.810] Drone 2 -> ARRIVED
[21:07:56.810] Drone 2 reached zone 1
[21:07:56.810] Drone 2 -> DROPPING_AGENT
[21:07:57.274] Drone 8 dispatched to zone 5 (LOW)
[21:07:58.774] Drone 5 -> IDLE
[21:07:58.775] [RECOVERY] Drone 5 reset and is back in service
[21:08:00.810] Drone 2 -> COMPLETED
[21:08:00.811] Drone 9 dispatched to zone 1 (HIGH)
[21:08:00.812] Drone 2 -> RETURNING
[21:08:01.595] Drone 1 -> ARRIVED
[21:08:01.595] Drone 1 reached zone 2
[21:08:01.595] Drone 1 -> DROPPING_AGENT
[21:08:01.595] Drone 1 -> FAULTED
[21:08:01.596] [FAULT] Drone 1 faulted: NOZZLE_STUCK_CLOSED
[21:08:01.596] [REASSIGN] Reassigning zone 2 from drone 1
[21:08:01.596] Drone 10 dispatched to zone 2 (MODERATE)
[21:08:01.894] Drone 0 -> IDLE
[21:08:01.895] [RECOVERY] Drone 0 reset and is back in service
[21:08:05.316] Drone 2 -> REFILLING
[21:08:05.596] Drone 1 -> IDLE
[21:08:05.596] [RECOVERY] Drone 1 reset and is back in service
[21:08:05.719] Drone 9 -> ARRIVED
[21:08:05.719] Drone 9 reached zone 1
[21:08:05.719] Drone 9 -> DROPPING_AGENT
[21:08:07.319] Drone 2 -> IDLE
[21:08:09.720] Drone 9 -> COMPLETED
[21:08:09.720] Zone 1 extinguished by drone 9
[21:08:09.720] Drone 9 -> RETURNING
[21:08:10.005] Drone 4 -> ARRIVED
[21:08:10.005] Drone 4 reached zone 3
[21:08:10.005] Drone 4 -> DROPPING_AGENT
[21:08:11.104] Drone 6 -> ARRIVED
[21:08:11.104] Drone 6 reached zone 4
[21:08:11.104] Drone 6 -> DROPPING_AGENT
[21:08:12.412] Drone 10 -> ARRIVED
[21:08:12.412] Drone 10 reached zone 2
[21:08:12.412] Drone 10 -> DROPPING_AGENT
[21:08:14.006] Drone 4 -> COMPLETED
[21:08:14.006] Zone 3 extinguished by drone 4
[21:08:14.006] Drone 4 -> RETURNING
[21:08:14.226] Drone 9 -> REFILLING
[21:08:15.105] Drone 6 -> COMPLETED
[21:08:15.105] Zone 4 extinguished by drone 6
[21:08:15.105] Drone 6 -> RETURNING
[21:08:16.227] Drone 9 -> IDLE
[21:08:16.413] Drone 10 -> COMPLETED
[21:08:16.413] Drone 10 -> RETURNING
[21:08:16.413] Drone 11 dispatched to zone 2 (MODERATE)
[21:08:17.911] Drone 8 -> ARRIVED
[21:08:17.911] Drone 8 reached zone 5
[21:08:17.911] Drone 8 -> DROPPING_AGENT
[21:08:21.911] Drone 8 -> COMPLETED
[21:08:21.911] Zone 5 extinguished by drone 8
[21:08:21.912] Drone 8 -> RETURNING
[21:08:26.324] Drone 10 -> REFILLING
[21:08:27.226] Drone 11 -> ARRIVED
[21:08:27.226] Drone 11 reached zone 2
[21:08:27.226] Drone 11 -> DROPPING_AGENT
[21:08:28.324] Drone 10 -> IDLE
[21:08:29.625] Drone 6 -> REFILLING
[21:08:29.725] Drone 4 -> REFILLING
[21:08:31.226] Drone 11 -> COMPLETED
[21:08:31.227] Zone 2 extinguished by drone 11
[21:08:31.227] Drone 11 -> RETURNING
[21:08:31.626] Drone 6 -> IDLE
[21:08:31.726] Drone 4 -> IDLE
[21:08:41.140] Drone 11 -> REFILLING
[21:08:42.041] Drone 8 -> REFILLING
[21:08:43.141] Drone 11 -> IDLE
[21:08:44.042] Drone 8 -> IDLE
[21:09:37.146] === Simulation session started ===
[21:09:37.437] === Simulation session started ===
[21:09:40.170] Drone 14 registered on port 7014
[21:09:40.170] Drone 8 registered on port 7008
[21:09:40.170] Drone 10 registered on port 7010
[21:09:40.171] Drone 6 registered on port 7006
[21:09:40.171] Drone 12 registered on port 7012
[21:09:40.171] Drone 16 registered on port 7016
[21:09:40.171] Drone 7 registered on port 7007
[21:09:40.172] Drone 1 registered on port 7001
[21:09:40.172] Drone 4 registered on port 7004
[21:09:40.172] Drone 5 registered on port 7005
[21:09:40.172] Drone 13 registered on port 7013
[21:09:40.173] Drone 0 registered on port 7000
[21:09:40.173] Drone 11 registered on port 7011
[21:09:40.173] Drone 2 registered on port 7002
[21:09:40.173] Drone 9 registered on port 7009
[21:09:40.173] Drone 15 registered on port 7015
[21:09:40.174] Drone 17 registered on port 7017
[21:09:40.174] Drone 18 registered on port 7018
[21:09:40.174] Drone 19 registered on port 7019
[21:09:40.174] Drone 3 registered on port 7003
[21:09:42.151] Fire detected at zone 1 (HIGH, remaining 30L)
[21:09:42.156] Drone 0 dispatched to zone 1 (HIGH)
[21:09:44.148] Fire detected at zone 2 (MODERATE, remaining 20L)
[21:09:44.148] Drone 1 dispatched to zone 2 (MODERATE)
[21:09:45.273] Drone 0 -> FAULTED
[21:09:45.275] [FAULT] Drone 0 faulted: DRONE_STUCK
[21:09:45.275] [REASSIGN] Reassigning zone 1 from drone 0
[21:09:45.276] Drone 2 dispatched to zone 1 (HIGH)
[21:09:46.148] Fire detected at zone 3 (LOW, remaining 10L)
[21:09:46.149] Drone 3 dispatched to zone 3 (LOW)
[21:09:46.151] [FAULT] Drone 3 faulted: PACKET_LOSS
[21:09:46.151] [REASSIGN] Reassigning zone 3 from drone 3
[21:09:46.650] Drone 4 dispatched to zone 3 (LOW)
[21:09:48.149] Fire detected at zone 4 (LOW, remaining 10L)
[21:09:48.150] Drone 5 dispatched to zone 4 (LOW)
[21:09:48.151] [FAULT] Ignored malformed packet
[21:09:48.151] Drone 5 -> FAULTED
[21:09:48.152] [FAULT] Drone 5 faulted: PACKET_CORRUPTION
[21:09:48.152] [REASSIGN] Reassigning zone 4 from drone 5
[21:09:48.651] Drone 6 dispatched to zone 4 (LOW)
[21:09:50.150] Fire detected at zone 5 (LOW, remaining 10L)
[21:09:50.150] Drone 7 dispatched to zone 5 (LOW)
[21:09:50.151] Drone 3 -> IDLE
[21:09:50.151] [RECOVERY] Drone 3 reset and is back in service
[21:09:50.152] Drone 7 -> FAULTED
[21:09:50.152] [HARD FAULT] Drone 7 shut down: NOZZLE_STUCK_OPEN
[21:09:50.153] [REASSIGN] Reassigning zone 5 from drone 7
[21:09:50.189] Drone 2 -> ARRIVED
[21:09:50.189] Drone 2 reached zone 1
[21:09:50.189] Drone 2 -> DROPPING_AGENT
[21:09:50.651] Drone 8 dispatched to zone 5 (LOW)
[21:09:52.152] Drone 5 -> IDLE
[21:09:52.152] [RECOVERY] Drone 5 reset and is back in service
[21:09:54.190] Drone 2 -> COMPLETED
[21:09:54.190] Drone 9 dispatched to zone 1 (HIGH)
[21:09:54.192] Drone 2 -> RETURNING
[21:09:54.968] Drone 1 -> ARRIVED
[21:09:54.968] Drone 1 reached zone 2
[21:09:54.969] Drone 1 -> DROPPING_AGENT
[21:09:54.969] Drone 1 -> FAULTED
[21:09:54.969] [FAULT] Drone 1 faulted: NOZZLE_STUCK_CLOSED
[21:09:54.969] [REASSIGN] Reassigning zone 2 from drone 1
[21:09:54.970] Drone 10 dispatched to zone 2 (MODERATE)
[21:09:55.273] Drone 0 -> IDLE
[21:09:55.273] [RECOVERY] Drone 0 reset and is back in service
[21:10:57.868] === Simulation session started ===
[21:10:58.165] === Simulation session started ===
[21:11:00.895] Drone 17 registered on port 7017
[21:11:00.896] Drone 16 registered on port 7016
[21:11:00.896] Drone 12 registered on port 7012
[21:11:00.896] Drone 3 registered on port 7003
[21:11:00.896] Drone 5 registered on port 7005
[21:11:00.897] Drone 7 registered on port 7007
[21:11:00.897] Drone 10 registered on port 7010
[21:11:00.897] Drone 14 registered on port 7014
[21:11:00.897] Drone 15 registered on port 7015
[21:11:00.897] Drone 11 registered on port 7011
[21:11:00.898] Drone 9 registered on port 7009
[21:11:00.898] Drone 4 registered on port 7004
[21:11:00.898] Drone 0 registered on port 7000
[21:11:00.898] Drone 18 registered on port 7018
[21:11:00.899] Drone 19 registered on port 7019
[21:11:00.899] Drone 6 registered on port 7006
[21:11:00.899] Drone 2 registered on port 7002
[21:11:00.899] Drone 8 registered on port 7008
[21:11:00.899] Drone 13 registered on port 7013
[21:11:00.900] Drone 1 registered on port 7001
[21:11:02.868] Fire detected at zone 1 (HIGH, remaining 30L)
[21:11:02.871] Drone 0 dispatched to zone 1 (HIGH)
[21:11:04.865] Fire detected at zone 2 (MODERATE, remaining 20L)
[21:11:04.866] Drone 1 dispatched to zone 2 (MODERATE)
[21:11:05.989] Drone 0 -> FAULTED
[21:11:05.991] [FAULT] Drone 0 faulted: DRONE_STUCK
[21:11:05.991] [REASSIGN] Reassigning zone 1 from drone 0
[21:11:05.992] Drone 2 dispatched to zone 1 (HIGH)
[21:11:06.866] Fire detected at zone 3 (LOW, remaining 10L)
[21:11:06.866] Drone 3 dispatched to zone 3 (LOW)
[21:11:06.869] [FAULT] Drone 3 faulted: PACKET_LOSS
[21:11:06.869] [REASSIGN] Reassigning zone 3 from drone 3
[21:11:07.367] Drone 4 dispatched to zone 3 (LOW)
[21:11:08.866] Fire detected at zone 4 (LOW, remaining 10L)
[21:11:08.867] Drone 5 dispatched to zone 4 (LOW)
[21:11:08.868] [FAULT] Ignored malformed packet
[21:11:08.869] Drone 5 -> FAULTED
[21:11:08.869] [FAULT] Drone 5 faulted: PACKET_CORRUPTION
[21:11:08.869] [REASSIGN] Reassigning zone 4 from drone 5
[21:11:09.368] Drone 6 dispatched to zone 4 (LOW)
[21:11:10.867] Fire detected at zone 5 (LOW, remaining 10L)
[21:11:10.867] Drone 7 dispatched to zone 5 (LOW)
[21:11:10.869] Drone 3 -> IDLE
[21:11:10.870] [RECOVERY] Drone 3 reset and is back in service
[21:11:10.870] Drone 7 -> FAULTED
[21:11:10.871] [HARD FAULT] Drone 7 shut down: NOZZLE_STUCK_OPEN
[21:11:10.871] [REASSIGN] Reassigning zone 5 from drone 7
[21:11:10.905] Drone 2 -> ARRIVED
[21:11:10.905] Drone 2 reached zone 1
[21:11:10.905] Drone 2 -> DROPPING_AGENT
[21:11:11.368] Drone 8 dispatched to zone 5 (LOW)
[21:11:12.869] Drone 5 -> IDLE
[21:11:12.870] [RECOVERY] Drone 5 reset and is back in service
[21:11:14.906] Drone 2 -> COMPLETED
[21:11:14.906] Drone 9 dispatched to zone 1 (HIGH)
[21:11:14.907] Drone 2 -> RETURNING
[21:11:15.689] Drone 1 -> ARRIVED
[21:11:15.690] Drone 1 reached zone 2
[21:11:15.690] Drone 1 -> DROPPING_AGENT
[21:11:15.690] Drone 1 -> FAULTED
[21:11:15.690] [FAULT] Drone 1 faulted: NOZZLE_STUCK_CLOSED
[21:11:15.690] [REASSIGN] Reassigning zone 2 from drone 1
[21:11:15.691] Drone 10 dispatched to zone 2 (MODERATE)
[21:11:15.990] Drone 0 -> IDLE
[21:11:15.990] [RECOVERY] Drone 0 reset and is back in service
[21:11:19.413] Drone 2 -> REFILLING
[21:11:19.690] Drone 1 -> IDLE
[21:11:19.690] [RECOVERY] Drone 1 reset and is back in service
[21:11:19.814] Drone 9 -> ARRIVED
[21:11:19.814] Drone 9 reached zone 1
[21:11:19.814] Drone 9 -> DROPPING_AGENT
[21:11:21.414] Drone 2 -> IDLE
[21:11:23.815] Drone 9 -> COMPLETED
[21:11:23.815] Zone 1 extinguished by drone 9
[21:11:23.816] Drone 9 -> RETURNING
[21:11:24.095] Drone 4 -> ARRIVED
[21:11:24.095] Drone 4 reached zone 3
[21:11:24.095] Drone 4 -> DROPPING_AGENT
[21:11:25.197] Drone 6 -> ARRIVED
[21:11:25.197] Drone 6 reached zone 4
[21:11:25.197] Drone 6 -> DROPPING_AGENT
[21:11:26.510] Drone 10 -> ARRIVED
[21:11:26.511] Drone 10 reached zone 2
[21:11:26.511] Drone 10 -> DROPPING_AGENT
[21:11:28.096] Drone 4 -> COMPLETED
[21:11:28.096] Zone 3 extinguished by drone 4
[21:11:28.096] Drone 4 -> RETURNING
[21:11:28.321] Drone 9 -> REFILLING
[21:11:29.198] Drone 6 -> COMPLETED
[21:11:29.198] Zone 4 extinguished by drone 6
[21:11:29.198] Drone 6 -> RETURNING
[21:11:30.322] Drone 9 -> IDLE
[21:11:30.511] Drone 10 -> COMPLETED
[21:11:30.511] Drone 10 -> RETURNING
[21:11:30.512] Drone 11 dispatched to zone 2 (MODERATE)
[21:11:32.008] Drone 8 -> ARRIVED
[21:11:32.008] Drone 8 reached zone 5
[21:11:32.008] Drone 8 -> DROPPING_AGENT
[21:11:36.009] Drone 8 -> COMPLETED
[21:11:36.009] Zone 5 extinguished by drone 8
[21:11:36.009] Drone 8 -> RETURNING
[21:11:40.428] Drone 10 -> REFILLING
[21:11:44.894] === Simulation session started ===
[21:11:45.194] === Simulation session started ===
[21:11:47.909] Drone 17 registered on port 7017
[21:11:47.909] Drone 10 registered on port 7010
[21:11:47.910] Drone 19 registered on port 7019
[21:11:47.910] Drone 3 registered on port 7003
[21:11:47.910] Drone 0 registered on port 7000
[21:11:47.910] Drone 5 registered on port 7005
[21:11:47.911] Drone 15 registered on port 7015
[21:11:47.911] Drone 4 registered on port 7004
[21:11:47.911] Drone 8 registered on port 7008
[21:11:47.911] Drone 18 registered on port 7018
[21:11:47.911] Drone 14 registered on port 7014
[21:11:47.912] Drone 6 registered on port 7006
[21:11:47.912] Drone 13 registered on port 7013
[21:11:47.912] Drone 7 registered on port 7007
[21:11:47.912] Drone 12 registered on port 7012
[21:11:47.913] Drone 9 registered on port 7009
[21:11:47.913] Drone 2 registered on port 7002
[21:11:47.913] Drone 11 registered on port 7011
[21:11:47.913] Drone 1 registered on port 7001
[21:11:47.913] Drone 16 registered on port 7016
[21:11:49.903] Fire detected at zone 1 (HIGH, remaining 30L)
[21:11:49.909] Drone 0 dispatched to zone 1 (HIGH)
[21:11:51.901] Fire detected at zone 2 (MODERATE, remaining 20L)
[21:11:51.901] Drone 1 dispatched to zone 2 (MODERATE)
[21:11:53.026] Drone 0 -> FAULTED
[21:11:53.028] [FAULT] Drone 0 faulted: DRONE_STUCK
[21:11:53.028] [REASSIGN] Reassigning zone 1 from drone 0
[21:11:53.029] Drone 2 dispatched to zone 1 (HIGH)
[21:11:53.901] Fire detected at zone 3 (LOW, remaining 10L)
[21:11:53.902] Drone 3 dispatched to zone 3 (LOW)
[21:11:53.904] [FAULT] Drone 3 faulted: PACKET_LOSS
[21:11:53.904] [REASSIGN] Reassigning zone 3 from drone 3
[21:11:54.403] Drone 4 dispatched to zone 3 (LOW)
[21:11:55.902] Fire detected at zone 4 (LOW, remaining 10L)
[21:11:55.902] Drone 5 dispatched to zone 4 (LOW)
[21:11:55.903] [FAULT] Ignored malformed packet
[21:11:55.904] Drone 5 -> FAULTED
[21:11:55.904] [FAULT] Drone 5 faulted: PACKET_CORRUPTION
[21:11:55.904] [REASSIGN] Reassigning zone 4 from drone 5
[21:11:56.403] Drone 6 dispatched to zone 4 (LOW)
[21:11:57.902] Fire detected at zone 5 (LOW, remaining 10L)
[21:11:57.903] Drone 7 dispatched to zone 5 (LOW)
[21:11:57.904] Drone 3 -> IDLE
[21:11:57.904] [RECOVERY] Drone 3 reset and is back in service
[21:11:57.904] Drone 7 -> FAULTED
[21:11:57.905] [HARD FAULT] Drone 7 shut down: NOZZLE_STUCK_OPEN
[21:11:57.905] [REASSIGN] Reassigning zone 5 from drone 7
[21:11:57.941] Drone 2 -> ARRIVED
[21:11:57.941] Drone 2 reached zone 1
[21:11:57.942] Drone 2 -> DROPPING_AGENT
[21:11:58.404] Drone 8 dispatched to zone 5 (LOW)
[21:25:10.807] === Simulation session started ===
[21:25:11.109] === Simulation session started ===
[21:25:13.853] Drone 15 registered on port 7015
[21:25:13.853] Drone 0 registered on port 7000
[21:25:13.854] Drone 11 registered on port 7011
[21:25:13.854] Drone 1 registered on port 7001
[21:25:13.854] Drone 3 registered on port 7003
[21:25:13.854] Drone 8 registered on port 7008
[21:25:13.855] Drone 13 registered on port 7013
[21:25:13.855] Drone 19 registered on port 7019
[21:25:13.855] Drone 14 registered on port 7014
[21:25:13.856] Drone 7 registered on port 7007
[21:25:13.856] Drone 12 registered on port 7012
[21:25:13.856] Drone 18 registered on port 7018
[21:25:13.856] Drone 4 registered on port 7004
[21:25:13.857] Drone 16 registered on port 7016
[21:25:13.857] Drone 2 registered on port 7002
[21:25:13.857] Drone 10 registered on port 7010
[21:25:13.857] Drone 17 registered on port 7017
[21:25:13.858] Drone 9 registered on port 7009
[21:25:13.858] Drone 5 registered on port 7005
[21:25:13.858] Drone 6 registered on port 7006
[21:25:15.826] Fire detected at zone 1 (HIGH, remaining 30L)
[21:25:15.830] Drone 0 dispatched to zone 1 (HIGH)
[21:25:17.824] Fire detected at zone 2 (MODERATE, remaining 20L)
[21:25:17.824] Drone 1 dispatched to zone 2 (MODERATE)
[21:25:18.947] Drone 0 -> FAULTED
[21:25:18.949] [FAULT] Drone 0 faulted: DRONE_STUCK
[21:25:18.949] [REASSIGN] Reassigning zone 1 from drone 0
[21:25:18.951] Drone 2 dispatched to zone 1 (HIGH)
[21:25:19.824] Fire detected at zone 3 (LOW, remaining 10L)
[21:25:19.825] Drone 3 dispatched to zone 3 (LOW)
[21:25:19.827] [FAULT] Drone 3 faulted: PACKET_LOSS
[21:25:19.827] [REASSIGN] Reassigning zone 3 from drone 3
[21:25:20.326] Drone 4 dispatched to zone 3 (LOW)
[21:25:21.825] Fire detected at zone 4 (LOW, remaining 10L)
[21:25:21.825] Drone 5 dispatched to zone 4 (LOW)
[21:25:21.827] [FAULT] Ignored malformed packet
[21:25:21.827] Drone 5 -> FAULTED
[21:25:21.827] [FAULT] Drone 5 faulted: PACKET_CORRUPTION
[21:25:21.828] [REASSIGN] Reassigning zone 4 from drone 5
[21:25:22.326] Drone 6 dispatched to zone 4 (LOW)
[21:25:23.826] Fire detected at zone 5 (LOW, remaining 10L)
[21:25:23.826] Drone 7 dispatched to zone 5 (LOW)
[21:25:23.827] Drone 3 -> IDLE
[21:25:23.828] [RECOVERY] Drone 3 reset and is back in service
[21:25:23.828] Drone 7 -> FAULTED
[21:25:23.829] [HARD FAULT] Drone 7 shut down: NOZZLE_STUCK_OPEN
[21:25:23.829] [REASSIGN] Reassigning zone 5 from drone 7
[21:25:23.863] Drone 2 -> ARRIVED
[21:25:23.863] Drone 2 reached zone 1
[21:25:23.863] Drone 2 -> DROPPING_AGENT
[21:25:24.327] Drone 8 dispatched to zone 5 (LOW)
[21:31:12.510] === Simulation session started ===
[21:31:12.805] === Simulation session started ===
[21:31:15.532] Drone 1 registered on port 7001
[21:31:15.533] Drone 19 registered on port 7019
[21:31:15.533] Drone 7 registered on port 7007
[21:31:15.533] Drone 14 registered on port 7014
[21:31:15.533] Drone 5 registered on port 7005
[21:31:15.533] Drone 8 registered on port 7008
[21:31:15.534] Drone 18 registered on port 7018
[21:31:15.534] Drone 3 registered on port 7003
[21:31:15.534] Drone 16 registered on port 7016
[21:31:15.534] Drone 13 registered on port 7013
[21:31:15.534] Drone 0 registered on port 7000
[21:31:15.535] Drone 17 registered on port 7017
[21:31:15.535] Drone 9 registered on port 7009
[21:31:15.535] Drone 15 registered on port 7015
[21:31:15.535] Drone 6 registered on port 7006
[21:31:15.535] Drone 4 registered on port 7004
[21:31:15.536] Drone 10 registered on port 7010
[21:31:15.536] Drone 2 registered on port 7002
[21:31:15.536] Drone 11 registered on port 7011
[21:31:15.536] Drone 12 registered on port 7012
[21:31:17.533] Fire detected at zone 1 (HIGH, remaining 30L)
[21:31:17.539] Drone 0 dispatched to zone 1 (HIGH)
[21:31:19.531] Fire detected at zone 2 (MODERATE, remaining 20L)
[21:31:19.531] Drone 1 dispatched to zone 2 (MODERATE)
[21:31:20.656] Drone 0 -> FAULTED
[21:31:20.659] [FAULT] Drone 0 faulted: DRONE_STUCK
[21:31:20.659] [REASSIGN] Reassigning zone 1 from drone 0
[21:31:20.660] Drone 2 dispatched to zone 1 (HIGH)
[21:31:21.531] Fire detected at zone 3 (LOW, remaining 10L)
[21:31:21.532] Drone 3 dispatched to zone 3 (LOW)
[21:31:21.534] [FAULT] Drone 3 faulted: PACKET_LOSS
[21:31:21.535] [REASSIGN] Reassigning zone 3 from drone 3
[21:31:22.033] Drone 4 dispatched to zone 3 (LOW)
[21:31:23.532] Fire detected at zone 4 (LOW, remaining 10L)
[21:31:23.532] Drone 5 dispatched to zone 4 (LOW)
[21:31:23.534] [FAULT] Ignored malformed packet
[21:31:23.534] Drone 5 -> FAULTED
[21:31:23.534] [FAULT] Drone 5 faulted: PACKET_CORRUPTION
[21:31:23.534] [REASSIGN] Reassigning zone 4 from drone 5
[21:31:24.033] Drone 6 dispatched to zone 4 (LOW)
[21:31:25.533] Fire detected at zone 5 (LOW, remaining 10L)
[21:31:25.533] Drone 7 dispatched to zone 5 (LOW)
[21:31:25.535] Drone 3 -> IDLE
[21:31:25.535] [RECOVERY] Drone 3 reset and is back in service
[21:31:25.536] Drone 7 -> FAULTED
[21:31:25.537] [HARD FAULT] Drone 7 shut down: NOZZLE_STUCK_OPEN
[21:31:25.537] [REASSIGN] Reassigning zone 5 from drone 7
[21:31:25.573] Drone 2 -> ARRIVED
[21:31:25.573] Drone 2 reached zone 1
[21:31:25.573] Drone 2 -> DROPPING_AGENT
[21:31:26.034] Drone 8 dispatched to zone 5 (LOW)
[21:31:27.534] Drone 5 -> IDLE
[21:31:27.535] [RECOVERY] Drone 5 reset and is back in service
[21:31:29.573] Drone 2 -> COMPLETED
[21:31:29.574] Drone 9 dispatched to zone 1 (HIGH)
[21:31:29.575] Drone 2 -> RETURNING
[21:31:30.354] Drone 1 -> ARRIVED
[21:31:30.354] Drone 1 reached zone 2
[21:31:30.354] Drone 1 -> DROPPING_AGENT
[21:31:30.355] Drone 1 -> FAULTED
[21:31:30.355] [FAULT] Drone 1 faulted: NOZZLE_STUCK_CLOSED
[21:31:30.355] [REASSIGN] Reassigning zone 2 from drone 1
[21:31:30.355] Drone 10 dispatched to zone 2 (MODERATE)
[21:31:30.657] Drone 0 -> IDLE
[21:31:30.657] [RECOVERY] Drone 0 reset and is back in service
[21:31:34.082] Drone 2 -> REFILLING
[21:31:34.355] Drone 1 -> IDLE
[21:31:34.355] [RECOVERY] Drone 1 reset and is back in service
[21:31:34.483] Drone 9 -> ARRIVED
[21:31:34.483] Drone 9 reached zone 1
[21:31:34.483] Drone 9 -> DROPPING_AGENT
[21:31:36.083] Drone 2 -> IDLE
[21:31:38.484] Drone 9 -> COMPLETED
[21:31:38.484] Zone 1 extinguished by drone 9
[21:31:38.485] Drone 9 -> RETURNING
[21:31:38.759] Drone 4 -> ARRIVED
[21:31:38.759] Drone 4 reached zone 3
[21:31:38.759] Drone 4 -> DROPPING_AGENT
[21:31:39.860] Drone 6 -> ARRIVED
[21:31:39.860] Drone 6 reached zone 4
[21:31:39.860] Drone 6 -> DROPPING_AGENT
[21:31:41.175] Drone 10 -> ARRIVED
[21:31:41.175] Drone 10 reached zone 2
[21:31:41.175] Drone 10 -> DROPPING_AGENT
[21:31:42.759] Drone 4 -> COMPLETED
[21:31:42.760] Zone 3 extinguished by drone 4
[21:31:42.760] Drone 4 -> RETURNING
[21:31:42.992] Drone 9 -> REFILLING
[21:31:43.861] Drone 6 -> COMPLETED
[21:31:43.861] Zone 4 extinguished by drone 6
[21:31:43.861] Drone 6 -> RETURNING
[21:31:44.992] Drone 9 -> IDLE
[21:31:45.176] Drone 10 -> COMPLETED
[21:31:45.176] Drone 10 -> RETURNING
[21:31:45.177] Drone 11 dispatched to zone 2 (MODERATE)
[21:31:46.671] Drone 8 -> ARRIVED
[21:31:46.671] Drone 8 reached zone 5
[21:31:46.671] Drone 8 -> DROPPING_AGENT
[21:31:50.672] Drone 8 -> COMPLETED
[21:31:50.672] Zone 5 extinguished by drone 8
[21:31:50.672] Drone 8 -> RETURNING
[21:31:55.091] Drone 10 -> REFILLING
[21:31:55.996] Drone 11 -> ARRIVED
[21:31:55.996] Drone 11 reached zone 2
[21:31:55.996] Drone 11 -> DROPPING_AGENT
[21:31:57.091] Drone 10 -> IDLE
[21:31:58.384] Drone 6 -> REFILLING
[21:31:58.484] Drone 4 -> REFILLING
[21:31:59.997] Drone 11 -> COMPLETED
[21:31:59.997] Zone 2 extinguished by drone 11
[21:31:59.997] Drone 11 -> RETURNING
[21:32:00.385] Drone 6 -> IDLE
[21:32:00.485] Drone 4 -> IDLE
[21:32:09.915] Drone 11 -> REFILLING
[21:32:10.805] Drone 8 -> REFILLING
[21:32:11.916] Drone 11 -> IDLE
[21:32:12.806] Drone 8 -> IDLE
[11:37:18.806] === Simulation session started ===
[11:37:19.593] === Simulation session started ===
[11:37:20.623] Drone 13 registered on port 7013
[11:37:20.623] Drone 7 registered on port 7007
[11:37:20.624] Drone 3 registered on port 7003
[11:37:20.624] Drone 17 registered on port 7017
[11:37:20.624] Drone 15 registered on port 7015
[11:37:20.624] Drone 4 registered on port 7004
[11:37:20.625] Drone 12 registered on port 7012
[11:37:20.625] Drone 6 registered on port 7006
[11:37:20.625] Drone 18 registered on port 7018
[11:37:20.625] Drone 2 registered on port 7002
[11:37:20.625] Drone 11 registered on port 7011
[11:37:20.626] Drone 0 registered on port 7000
[11:37:20.626] Drone 19 registered on port 7019
[11:37:20.626] Drone 8 registered on port 7008
[11:37:20.626] Drone 16 registered on port 7016
[11:37:20.626] Drone 14 registered on port 7014
[11:37:20.627] Drone 5 registered on port 7005
[11:37:20.627] Drone 1 registered on port 7001
[11:37:20.627] Drone 9 registered on port 7009
[11:37:20.628] Drone 10 registered on port 7010
[11:37:22.584] Fire detected at zone 2 (LOW, remaining 10L)
[11:37:22.588] Drone 0 dispatched to zone 2 (LOW)
[11:37:24.583] Fire detected at zone 1 (MODERATE, remaining 20L)
[11:37:24.583] Drone 1 dispatched to zone 1 (MODERATE)
[11:37:26.583] Fire detected at zone 5 (LOW, remaining 10L)
[11:37:26.584] Drone 2 dispatched to zone 5 (LOW)
[11:37:28.584] Fire detected at zone 3 (MODERATE, remaining 20L)
[11:37:28.584] Drone 3 dispatched to zone 3 (MODERATE)
[11:37:29.496] Drone 1 -> ARRIVED
[11:37:29.496] Drone 1 reached zone 1
[11:37:29.496] Drone 1 -> DROPPING_AGENT
[11:37:30.585] Fire detected at zone 4 (MODERATE, remaining 20L)
[11:37:30.585] Drone 4 dispatched to zone 4 (MODERATE)
[11:37:32.585] Fire detected at zone 1 (LOW, remaining 30L)
[11:37:32.586] Drone 5 dispatched to zone 1 (LOW)
[11:37:33.497] Drone 1 -> COMPLETED
[11:37:33.497] Drone 5 dispatched to zone 1 (LOW)
[11:37:33.498] Drone 1 -> RETURNING
[11:37:33.998] Drone 5 dispatched to zone 1 (LOW)
[11:37:34.499] Drone 5 dispatched to zone 1 (LOW)
[11:37:34.586] Fire detected at zone 2 (LOW, remaining 20L)
[11:37:34.999] Drone 5 dispatched to zone 1 (LOW)
[11:37:35.500] Drone 0 dispatched to zone 2 (LOW)
[11:37:36.000] Drone 5 dispatched to zone 1 (LOW)
[11:37:36.128] Drone 0 -> ARRIVED
[11:37:36.129] Drone 0 reached zone 2
[11:37:36.129] Drone 0 -> DROPPING_AGENT
[11:37:36.501] Drone 6 dispatched to zone 2 (LOW)
[11:37:36.587] Fire detected at zone 4 (HIGH, remaining 50L)
[11:37:37.001] Drone 5 dispatched to zone 1 (LOW)
[11:37:37.499] Drone 5 -> ARRIVED
[11:37:37.499] Drone 5 reached zone 1
[11:37:37.499] Drone 5 -> DROPPING_AGENT
[11:37:37.502] Drone 7 dispatched to zone 4 (HIGH)
[11:37:38.002] Drone 1 -> REFILLING
[11:37:38.003] Drone 6 dispatched to zone 1 (LOW)
[11:37:38.503] Drone 8 dispatched to zone 2 (LOW)
[11:37:38.587] Fire detected at zone 5 (HIGH, remaining 40L)
[11:37:39.004] Drone 9 dispatched to zone 5 (HIGH)
[11:37:39.205] Drone 3 -> ARRIVED
[11:37:39.205] Drone 3 reached zone 3
[11:37:39.205] Drone 3 -> DROPPING_AGENT
[11:37:40.003] Drone 1 -> IDLE
[11:37:40.129] Drone 0 -> COMPLETED
[11:37:40.130] Drone 0 -> RETURNING
[11:37:40.130] Drone 8 dispatched to zone 2 (LOW)
[11:37:40.588] Fire detected at zone 3 (HIGH, remaining 50L)
[11:37:40.631] Drone 8 dispatched to zone 2 (LOW)
[11:37:41.131] Drone 9 dispatched to zone 3 (HIGH)
[11:37:41.500] Drone 5 -> COMPLETED
[11:37:41.501] Zone 1 extinguished by drone 5
[11:37:41.501] Drone 5 -> RETURNING
[11:37:41.632] Drone 8 dispatched to zone 2 (LOW)
[11:37:42.133] Drone 10 dispatched to zone 5 (HIGH)
[11:37:42.588] Fire detected at zone 1 (LOW, remaining 10L)
[11:37:42.633] Drone 8 dispatched to zone 2 (LOW)
[11:37:43.134] Drone 6 dispatched to zone 1 (LOW)
[11:37:43.206] Drone 3 -> COMPLETED
[11:37:43.206] Drone 3 -> RETURNING
[11:37:43.634] Drone 8 dispatched to zone 2 (LOW)
[11:37:44.135] Drone 6 dispatched to zone 1 (LOW)
[11:37:44.312] Drone 2 -> ARRIVED
[11:37:44.312] Drone 2 reached zone 5
[11:37:44.313] Drone 2 -> DROPPING_AGENT
[11:37:44.589] Fire detected at zone 5 (LOW, remaining 50L)
[11:37:44.636] Drone 9 dispatched to zone 3 (HIGH)
[11:37:45.136] Drone 8 dispatched to zone 2 (LOW)
[11:37:45.637] Drone 6 dispatched to zone 1 (LOW)
[11:37:46.010] Drone 5 -> REFILLING
[11:37:46.137] Drone 11 dispatched to zone 5 (LOW)
[11:37:46.590] Fire detected at zone 3 (HIGH, remaining 65L)
[11:37:46.638] Drone 9 dispatched to zone 3 (HIGH)
[11:41:38.604] === Simulation session started ===
[11:41:38.615] Drone 1 registered on port 16761
[11:41:38.615] Drone 2 registered on port 16762
[11:41:38.819] Fire detected at zone 1 (LOW, remaining 10L)
[11:41:38.824] Drone 1 dispatched to zone 1 (LOW)
[11:41:40.828] Drone 1 -> ARRIVED
[11:41:40.828] Drone 1 reached zone 1
[11:41:40.828] Drone 1 -> COMPLETED
[11:41:40.828] Zone 1 extinguished by drone 1
[11:41:40.828] Fire detected at zone 1 (LOW, remaining 10L)
[11:41:40.829] Drone 1 -> IDLE
[11:41:40.830] Drone 2 dispatched to zone 1 (LOW)
[11:41:40.848] === Simulation session started ===
[11:41:40.850] Drone 1 registered on port 16751
[11:41:40.850] Drone 2 registered on port 16752
[11:41:41.051] Fire detected at zone 1 (LOW, remaining 10L)
[11:41:41.052] Drone 1 dispatched to zone 1 (LOW)
[11:41:41.351] Drone 1 -> ARRIVED
[11:41:41.351] Drone 1 reached zone 1
[11:41:41.352] Drone 1 -> COMPLETED
[11:41:41.352] Zone 1 extinguished by drone 1
[11:41:41.353] Drone 1 -> IDLE
[11:41:41.451] Fire detected at zone 2 (LOW, remaining 10L)
[11:41:41.554] Drone 2 dispatched to zone 2 (LOW)
[11:41:41.561] === Simulation session started ===
[11:41:41.562] Fire detected at zone 1 (LOW, remaining 10L)
[11:41:41.563] Fire detected at zone 2 (LOW, remaining 10L)
[11:41:41.563] Fire detected at zone 3 (LOW, remaining 10L)
[11:41:41.663] Drone 300 registered on port 16650
[11:41:41.964] Drone 300 -> ARRIVED
[11:41:41.964] Drone 300 -> COMPLETED
[11:41:41.965] Drone 300 -> IDLE
[11:41:42.164] Drone 300 -> ARRIVED
[11:41:42.164] Drone 300 -> COMPLETED
[11:41:42.165] Drone 300 -> IDLE
[11:41:42.364] Drone 300 -> ARRIVED
[11:41:42.365] Drone 300 -> COMPLETED
[11:41:42.365] Drone 300 -> IDLE
[11:41:42.564] Drone 300 dispatched to zone 1 (LOW)
[11:41:42.564] Drone 300 -> ARRIVED
[11:41:42.564] Drone 300 reached zone 1
[11:41:42.565] Drone 300 -> COMPLETED
[11:41:42.565] Zone 1 extinguished by drone 300
[11:41:42.565] Drone 300 -> IDLE
[11:41:42.765] Drone 300 -> ARRIVED
[11:41:42.765] Drone 300 -> COMPLETED
[11:41:42.765] Drone 300 -> IDLE
[11:41:43.066] Drone 300 dispatched to zone 2 (LOW)
[11:41:43.567] Drone 300 dispatched to zone 3 (LOW)
[11:43:07.960] === Simulation session started ===
[11:43:08.255] === Simulation session started ===
[11:43:10.978] Drone 13 registered on port 7013
[11:43:10.979] Drone 7 registered on port 7007
[11:43:10.979] Drone 1 registered on port 7001
[11:43:10.979] Drone 6 registered on port 7006
[11:43:10.979] Drone 16 registered on port 7016
[11:43:10.980] Drone 10 registered on port 7010
[11:43:10.980] Drone 19 registered on port 7019
[11:43:10.980] Drone 4 registered on port 7004
[11:43:10.981] Drone 3 registered on port 7003
[11:43:10.981] Drone 18 registered on port 7018
[11:43:10.981] Drone 14 registered on port 7014
[11:43:10.982] Drone 8 registered on port 7008
[11:43:10.982] Drone 12 registered on port 7012
[11:43:10.982] Drone 17 registered on port 7017
[11:43:10.982] Drone 15 registered on port 7015
[11:43:10.983] Drone 9 registered on port 7009
[11:43:10.983] Drone 5 registered on port 7005
[11:43:10.983] Drone 2 registered on port 7002
[11:43:10.983] Drone 0 registered on port 7000
[11:43:10.983] Drone 11 registered on port 7011
[11:43:12.975] Fire detected at zone 2 (LOW, remaining 10L)
[11:43:12.979] Drone 0 dispatched to zone 2 (LOW)
[11:43:14.974] Fire detected at zone 1 (MODERATE, remaining 20L)
[11:43:14.974] Drone 1 dispatched to zone 1 (MODERATE)
[11:43:16.974] Fire detected at zone 5 (LOW, remaining 10L)
[11:43:16.975] Drone 2 dispatched to zone 5 (LOW)
[11:43:18.975] Fire detected at zone 3 (MODERATE, remaining 20L)
[11:43:18.975] Drone 3 dispatched to zone 3 (MODERATE)
[11:43:19.886] Drone 1 -> ARRIVED
[11:43:19.886] Drone 1 reached zone 1
[11:43:19.886] Drone 1 -> DROPPING_AGENT
[11:43:20.976] Fire detected at zone 4 (MODERATE, remaining 20L)
[11:43:20.976] Drone 4 dispatched to zone 4 (MODERATE)
[11:43:23.887] Drone 1 -> COMPLETED
[11:43:23.888] Drone 4 dispatched to zone 1 (MODERATE)
[11:43:23.889] Drone 1 -> RETURNING
[11:43:24.388] Drone 5 dispatched to zone 4 (MODERATE)
[11:43:26.519] Drone 0 -> ARRIVED
[11:43:26.520] Drone 0 reached zone 2
[11:43:26.520] Drone 0 -> DROPPING_AGENT
[11:43:28.394] Drone 1 -> REFILLING
[11:43:29.596] Drone 3 -> ARRIVED
[11:43:29.596] Drone 3 reached zone 3
[11:43:29.596] Drone 3 -> DROPPING_AGENT
[11:43:30.395] Drone 1 -> IDLE
[11:43:30.520] Drone 0 -> COMPLETED
[11:43:30.521] Zone 2 extinguished by drone 0
[11:43:30.521] Fire detected at zone 2 (LOW, remaining 10L)
[11:43:30.521] Drone 0 -> RETURNING
[11:43:30.521] Drone 6 dispatched to zone 2 (LOW)
[11:43:33.597] Drone 3 -> COMPLETED
[11:43:33.597] Drone 7 dispatched to zone 3 (MODERATE)
[11:43:33.597] Drone 3 -> RETURNING
[11:43:34.705] Drone 2 -> ARRIVED
[11:43:34.705] Drone 2 reached zone 5
[11:43:34.705] Drone 2 -> DROPPING_AGENT
[11:43:37.308] Drone 4 -> ARRIVED
[11:43:37.308] Drone 4 reached zone 1
[11:43:37.308] Drone 4 -> DROPPING_AGENT
[11:43:38.706] Drone 2 -> COMPLETED
[11:43:38.706] Zone 5 extinguished by drone 2
[11:43:38.706] Fire detected at zone 5 (HIGH, remaining 30L)
[11:43:38.706] Drone 2 -> RETURNING
[11:43:38.707] Drone 8 dispatched to zone 5 (HIGH)
[11:43:40.713] Drone 5 -> ARRIVED
[11:43:40.713] Drone 5 reached zone 4
[11:43:40.713] Drone 5 -> DROPPING_AGENT
[11:43:41.309] Drone 4 -> COMPLETED
[11:43:41.309] Zone 1 extinguished by drone 4
[11:43:41.309] Fire detected at zone 1 (LOW, remaining 10L)
[11:43:41.310] Drone 4 -> RETURNING
[11:43:41.310] Drone 9 dispatched to zone 1 (LOW)
[11:43:42.844] Drone 0 -> REFILLING
[11:43:43.714] Drone 3 -> REFILLING
[11:43:44.049] Drone 6 -> ARRIVED
[11:43:44.049] Drone 6 reached zone 2
[11:43:44.049] Drone 6 -> DROPPING_AGENT
[11:43:44.215] Drone 7 -> ARRIVED
[11:43:44.215] Drone 7 reached zone 3
[11:43:44.215] Drone 7 -> DROPPING_AGENT
[11:43:44.714] Drone 5 -> COMPLETED
[11:43:44.714] Drone 5 -> RETURNING
[11:43:44.714] Drone 10 dispatched to zone 4 (MODERATE)
[11:43:44.845] Drone 0 -> IDLE
[11:43:45.715] Drone 3 -> IDLE
[11:43:46.218] Drone 9 -> ARRIVED
[11:43:46.218] Drone 9 reached zone 1
[11:43:46.218] Drone 9 -> DROPPING_AGENT
[11:43:48.050] Drone 6 -> COMPLETED
[11:43:48.050] Zone 2 extinguished by drone 6
[11:43:48.050] Fire detected at zone 2 (HIGH, remaining 30L)
[11:43:48.050] Drone 6 -> RETURNING
[11:43:48.050] Drone 11 dispatched to zone 2 (HIGH)
[11:43:48.216] Drone 7 -> COMPLETED
[11:43:48.216] Zone 3 extinguished by drone 7
[11:43:48.216] Fire detected at zone 3 (HIGH, remaining 30L)
[11:43:48.216] Drone 7 -> RETURNING
[11:43:48.551] Drone 8 dispatched to zone 3 (HIGH)
[11:43:49.052] Drone 12 dispatched to zone 5 (HIGH)
[11:43:50.218] Drone 9 -> COMPLETED
[11:43:50.219] Zone 1 extinguished by drone 9
[11:43:50.219] Fire detected at zone 1 (LOW, remaining 10L)
[11:43:50.219] Drone 9 -> RETURNING
[11:43:50.219] Drone 13 dispatched to zone 1 (LOW)
[11:43:54.725] Drone 9 -> REFILLING
[11:43:55.127] Drone 13 -> ARRIVED
[11:43:55.127] Drone 13 reached zone 1
[11:43:55.127] Drone 13 -> DROPPING_AGENT
[11:43:55.626] Drone 2 -> REFILLING
[11:43:56.428] Drone 8 -> ARRIVED
[11:43:56.429] Drone 8 reached zone 3
[11:43:56.429] Drone 8 -> DROPPING_AGENT
[11:43:56.726] Drone 9 -> IDLE
[11:43:56.929] Drone 4 -> REFILLING
[11:43:57.627] Drone 2 -> IDLE
[11:43:58.330] Drone 7 -> REFILLING
[11:43:58.929] Drone 4 -> IDLE
[11:43:58.929] Drone 4 -> EN_ROUTE
[11:43:59.127] Drone 13 -> COMPLETED
[11:43:59.127] Zone 1 extinguished by drone 13
[11:43:59.128] Fire detected at zone 1 (HIGH, remaining 30L)
[11:43:59.128] Drone 13 -> RETURNING
[11:43:59.128] Drone 14 dispatched to zone 1 (HIGH)
[11:44:00.331] Drone 7 -> IDLE
[11:44:00.333] Drone 5 -> REFILLING
[11:44:00.370] Drone 6 -> REFILLING
[11:44:00.429] Drone 8 -> COMPLETED
[11:44:00.429] Drone 8 -> RETURNING
[11:44:00.430] Drone 15 dispatched to zone 3 (HIGH)
[11:44:01.033] Drone 10 -> ARRIVED
[11:44:01.033] Drone 10 reached zone 4
[11:44:01.033] Drone 10 -> DROPPING_AGENT
[11:44:01.572] Drone 11 -> ARRIVED
[11:44:01.572] Drone 11 reached zone 2
[11:44:01.572] Drone 11 -> DROPPING_AGENT
[11:44:02.334] Drone 5 -> IDLE
[11:44:02.371] Drone 6 -> IDLE
[11:44:03.633] Drone 13 -> REFILLING
[11:44:03.834] Drone 4 -> ARRIVED
[11:44:03.834] Drone 4 -> DROPPING_AGENT
[11:44:04.034] Drone 14 -> ARRIVED
[11:44:04.034] Drone 14 reached zone 1
[11:44:04.034] Drone 14 -> DROPPING_AGENT
[11:44:05.034] Drone 10 -> COMPLETED
[11:44:05.034] Zone 4 extinguished by drone 10
[11:44:05.034] Fire detected at zone 4 (HIGH, remaining 30L)
[11:44:05.034] Drone 10 -> RETURNING
[11:44:05.034] Drone 16 dispatched to zone 4 (HIGH)
[11:44:05.575] Drone 11 -> COMPLETED
[11:44:05.575] Drone 11 -> RETURNING
[11:44:05.575] Drone 16 dispatched to zone 2 (HIGH)
[11:44:05.634] Drone 13 -> IDLE
[11:44:06.076] Drone 17 dispatched to zone 4 (HIGH)
[11:44:06.782] Drone 12 -> ARRIVED
[11:44:06.782] Drone 12 reached zone 5
[11:44:06.782] Drone 12 -> DROPPING_AGENT
[11:44:07.835] Drone 4 -> COMPLETED
[11:44:07.835] Drone 4 -> RETURNING
[11:44:08.034] Drone 14 -> COMPLETED
[11:44:08.035] Drone 14 -> RETURNING
[11:44:08.035] Drone 16 dispatched to zone 1 (HIGH)
[11:44:08.535] Drone 18 dispatched to zone 2 (HIGH)
[11:44:10.783] Drone 12 -> COMPLETED
[11:44:10.783] Drone 12 -> RETURNING
[11:44:10.783] Drone 19 dispatched to zone 5 (HIGH)
[11:44:11.041] Drone 15 -> ARRIVED
[11:44:11.041] Drone 15 reached zone 3
[11:44:11.041] Drone 15 -> DROPPING_AGENT
[11:44:15.298] === Simulation session started ===
[11:44:15.590] === Simulation session started ===
[11:44:18.310] Drone 7 registered on port 7007
[11:44:18.311] Drone 11 registered on port 7011
[11:44:18.311] Drone 14 registered on port 7014
[11:44:18.311] Drone 17 registered on port 7017
[11:44:18.312] Drone 4 registered on port 7004
[11:44:18.312] Drone 3 registered on port 7003
[11:44:18.312] Drone 0 registered on port 7000
[11:44:18.312] Drone 2 registered on port 7002
[11:44:18.312] Drone 16 registered on port 7016
[11:44:18.313] Drone 12 registered on port 7012
[11:44:18.313] Drone 8 registered on port 7008
[11:44:18.313] Drone 19 registered on port 7019
[11:44:18.313] Drone 10 registered on port 7010
[11:44:18.314] Drone 1 registered on port 7001
[11:44:18.314] Drone 18 registered on port 7018
[11:44:18.314] Drone 5 registered on port 7005
[11:44:18.314] Drone 15 registered on port 7015
[11:44:18.314] Drone 9 registered on port 7009
[11:44:18.314] Drone 6 registered on port 7006
[11:44:18.315] Drone 13 registered on port 7013
[11:44:20.303] Fire detected at zone 2 (LOW, remaining 10L)
[11:44:20.308] Drone 0 dispatched to zone 2 (LOW)
[11:44:22.301] Fire detected at zone 1 (MODERATE, remaining 20L)
[11:44:22.302] Drone 1 dispatched to zone 1 (MODERATE)
[11:44:24.302] Fire detected at zone 5 (LOW, remaining 10L)
[11:44:24.302] Drone 2 dispatched to zone 5 (LOW)
[11:47:14.446] === Simulation session started ===
[11:47:14.753] === Simulation session started ===
[11:47:17.455] Drone 5 registered on port 7005
[11:47:19.440] Fire detected at zone 2 (LOW, remaining 10L)
[11:47:19.445] Drone 5 dispatched to zone 2 (LOW)
[11:47:21.438] Fire detected at zone 1 (MODERATE, remaining 20L)
[11:47:23.439] Fire detected at zone 5 (LOW, remaining 10L)
[11:47:25.439] Fire detected at zone 3 (MODERATE, remaining 20L)
[11:47:27.440] Fire detected at zone 4 (MODERATE, remaining 20L)
[11:47:32.994] Drone 5 -> ARRIVED
[11:47:32.994] Drone 5 reached zone 2
[11:47:32.994] Drone 5 -> DROPPING_AGENT
[11:47:36.995] Drone 5 -> COMPLETED
[11:47:36.995] Zone 2 extinguished by drone 5
[11:47:36.995] Fire detected at zone 2 (LOW, remaining 10L)
[11:47:36.996] Drone 5 -> RETURNING
[11:49:09.791] === Simulation session started ===
[11:49:10.075] === Simulation session started ===
[11:49:13.381] Drone 2 registered on port 7002
[11:49:13.382] Drone 1 registered on port 7001
[11:49:13.392] Drone 0 registered on port 7000
[11:49:13.414] Drone 3 registered on port 7003
[11:49:13.418] Drone 4 registered on port 7004
[11:49:14.819] Fire detected at zone 2 (LOW, remaining 10L)
[11:49:14.824] Drone 0 dispatched to zone 2 (LOW)
[11:49:16.816] Fire detected at zone 1 (MODERATE, remaining 20L)
[11:49:16.817] Drone 1 dispatched to zone 1 (MODERATE)
[11:49:18.817] Fire detected at zone 5 (LOW, remaining 10L)
[11:49:18.818] Drone 2 dispatched to zone 5 (LOW)
[11:49:20.818] Fire detected at zone 3 (MODERATE, remaining 20L)
[11:49:20.818] Drone 3 dispatched to zone 3 (MODERATE)
[11:49:21.734] Drone 1 -> ARRIVED
[11:49:21.734] Drone 1 reached zone 1
[11:49:21.734] Drone 1 -> DROPPING_AGENT
[11:49:22.819] Fire detected at zone 4 (MODERATE, remaining 20L)
[11:49:22.819] Drone 4 dispatched to zone 4 (MODERATE)
[11:49:25.735] Drone 1 -> COMPLETED
[11:49:25.735] Drone 4 dispatched to zone 1 (MODERATE)
[11:49:25.736] Drone 1 -> RETURNING
[11:49:28.367] Drone 0 -> ARRIVED
[11:49:28.368] Drone 0 reached zone 2
[11:49:28.368] Drone 0 -> DROPPING_AGENT
[11:49:30.245] Drone 1 -> REFILLING
[11:49:31.450] Drone 3 -> ARRIVED
[11:49:31.450] Drone 3 reached zone 3
[11:49:31.450] Drone 3 -> DROPPING_AGENT
[11:49:32.247] Drone 1 -> IDLE
[11:49:32.368] Drone 0 -> COMPLETED
[11:49:32.369] Zone 2 extinguished by drone 0
[11:49:32.369] Fire detected at zone 2 (LOW, remaining 10L)
[11:49:32.369] Drone 0 -> RETURNING
[11:49:33.242] Drone 1 dispatched to zone 4 (MODERATE)
[11:49:35.451] Drone 3 -> COMPLETED
[11:49:35.451] Drone 3 -> RETURNING
[11:49:36.564] Drone 2 -> ARRIVED
[11:49:36.564] Drone 2 reached zone 5
[11:49:36.564] Drone 2 -> DROPPING_AGENT
[11:49:39.166] Drone 4 -> ARRIVED
[11:49:39.166] Drone 4 reached zone 1
[11:49:39.166] Drone 4 -> DROPPING_AGENT
[11:49:40.565] Drone 2 -> COMPLETED
[11:49:40.565] Zone 5 extinguished by drone 2
[11:49:40.565] Fire detected at zone 5 (HIGH, remaining 30L)
[11:49:40.565] Drone 2 -> RETURNING
[11:49:43.168] Drone 4 -> COMPLETED
[11:49:43.168] Zone 1 extinguished by drone 4
[11:49:43.168] Fire detected at zone 1 (LOW, remaining 10L)
[11:49:43.168] Drone 4 -> RETURNING
[11:49:44.699] Drone 0 -> REFILLING
[11:49:45.575] Drone 3 -> REFILLING
[11:49:46.700] Drone 0 -> IDLE
[11:49:46.747] Drone 0 dispatched to zone 2 (LOW)
[11:49:47.576] Drone 3 -> IDLE
[11:49:48.249] Drone 3 dispatched to zone 3 (MODERATE)
[11:49:49.584] Drone 1 -> ARRIVED
[11:49:49.584] Drone 1 reached zone 4
[11:49:49.584] Drone 1 -> DROPPING_AGENT
[11:49:53.585] Drone 1 -> COMPLETED
[11:49:53.585] Drone 1 -> RETURNING
[11:51:29.188] === Simulation session started ===
[11:51:29.498] === Simulation session started ===
[11:51:32.799] Drone 0 registered on port 7000
[11:51:32.808] Drone 2 registered on port 7002
[11:51:32.811] Drone 1 registered on port 7001
[11:51:32.816] Drone 4 registered on port 7004
[11:51:32.824] Drone 3 registered on port 7003
[11:51:34.187] Fire detected at zone 2 (LOW, remaining 10L)
[11:51:34.193] Drone 0 dispatched to zone 2 (LOW)
[11:51:36.185] Fire detected at zone 1 (MODERATE, remaining 20L)
[11:51:36.186] Drone 1 dispatched to zone 1 (MODERATE)
[11:51:38.186] Fire detected at zone 5 (LOW, remaining 10L)
[11:51:38.187] Drone 2 dispatched to zone 5 (LOW)
[11:51:40.187] Fire detected at zone 3 (MODERATE, remaining 20L)
[11:51:40.188] Drone 3 dispatched to zone 3 (MODERATE)
[11:51:41.104] Drone 1 -> ARRIVED
[11:51:41.105] Drone 1 reached zone 1
[11:51:41.105] Drone 1 -> DROPPING_AGENT
[11:51:42.188] Fire detected at zone 4 (MODERATE, remaining 20L)
[11:51:42.188] Drone 4 dispatched to zone 4 (MODERATE)
[11:51:45.105] Drone 1 -> COMPLETED
[11:51:45.106] Drone 4 dispatched to zone 1 (MODERATE)
[11:51:45.107] Drone 1 -> RETURNING
[11:51:47.736] Drone 0 -> ARRIVED
[11:51:47.736] Drone 0 reached zone 2
[11:51:47.736] Drone 0 -> DROPPING_AGENT
[11:51:49.616] Drone 1 -> REFILLING
[11:51:50.822] Drone 3 -> ARRIVED
[11:51:50.822] Drone 3 reached zone 3
[11:51:50.822] Drone 3 -> DROPPING_AGENT
[11:51:51.618] Drone 1 -> IDLE
[11:51:51.736] Drone 0 -> COMPLETED
[11:51:51.737] Zone 2 extinguished by drone 0
[11:51:51.737] Fire detected at zone 2 (LOW, remaining 10L)
[11:51:51.738] Drone 0 -> RETURNING
[11:51:52.609] Drone 1 dispatched to zone 4 (MODERATE)
[11:51:54.823] Drone 3 -> COMPLETED
[11:51:54.823] Drone 3 -> RETURNING
[11:51:55.934] Drone 2 -> ARRIVED
[11:51:55.934] Drone 2 reached zone 5
[11:51:55.935] Drone 2 -> DROPPING_AGENT
[11:51:58.541] Drone 4 -> ARRIVED
[11:51:58.541] Drone 4 reached zone 1
[11:51:58.541] Drone 4 -> DROPPING_AGENT
[11:51:59.936] Drone 2 -> COMPLETED
[11:51:59.936] Zone 5 extinguished by drone 2
[11:51:59.936] Fire detected at zone 5 (HIGH, remaining 30L)
[11:51:59.936] Drone 2 -> RETURNING
[11:52:02.542] Drone 4 -> COMPLETED
[11:52:02.542] Zone 1 extinguished by drone 4
[11:52:02.542] Fire detected at zone 1 (LOW, remaining 10L)
[11:52:02.543] Drone 4 -> RETURNING
[11:56:25.743] === Simulation session started ===
[11:56:26.078] === Simulation session started ===
[11:56:29.476] Drone 4 registered on port 7004
[11:56:29.477] Drone 3 registered on port 7003
[11:56:29.477] Drone 1 registered on port 7001
[11:56:29.480] Drone 2 registered on port 7002
[11:56:29.492] Drone 0 registered on port 7000
[11:56:30.631] Fire detected at zone 2 (LOW, remaining 10L)
[11:56:30.636] Drone 0 dispatched to zone 2 (LOW)
[11:56:42.769] Fire detected at zone 1 (MODERATE, remaining 20L)
[11:56:42.770] Drone 1 dispatched to zone 1 (MODERATE)
[11:56:43.769] Fire detected at zone 5 (LOW, remaining 10L)
[11:56:43.770] Drone 2 dispatched to zone 5 (LOW)
[11:56:44.180] Drone 0 -> ARRIVED
[11:56:44.180] Drone 0 reached zone 2
[11:56:44.180] Drone 0 -> DROPPING_AGENT
[11:56:45.910] Fire detected at zone 3 (MODERATE, remaining 20L)
[11:56:45.911] Drone 3 dispatched to zone 3 (MODERATE)
[11:56:47.212] Fire detected at zone 4 (MODERATE, remaining 20L)
[11:56:47.212] Drone 4 dispatched to zone 4 (MODERATE)
[11:56:47.689] Drone 1 -> ARRIVED
[11:56:47.689] Drone 1 reached zone 1
[11:56:47.689] Drone 1 -> DROPPING_AGENT
[11:56:48.181] Drone 0 -> COMPLETED
[11:56:48.182] Zone 2 extinguished by drone 0
[11:56:48.182] Drone 0 -> RETURNING
[11:56:51.690] Drone 1 -> COMPLETED
[11:56:51.692] Drone 4 dispatched to zone 1 (MODERATE)
[11:56:51.694] Drone 1 -> RETURNING
[11:56:56.201] Drone 1 -> REFILLING
[11:56:56.543] Drone 3 -> ARRIVED
[11:56:56.543] Drone 3 reached zone 3
[11:56:56.543] Drone 3 -> DROPPING_AGENT
[11:56:58.202] Drone 1 -> IDLE
[11:56:59.196] Drone 1 dispatched to zone 4 (MODERATE)
[11:57:00.510] Drone 0 -> REFILLING
[11:57:00.544] Drone 3 -> COMPLETED
[11:57:00.544] Drone 3 -> RETURNING
[11:57:01.520] Drone 2 -> ARRIVED
[11:57:01.520] Drone 2 reached zone 5
[11:57:01.520] Drone 2 -> DROPPING_AGENT
[11:57:02.511] Drone 0 -> IDLE
[11:57:02.545] Drone 0 dispatched to zone 3 (MODERATE)
[11:57:03.560] Drone 4 -> ARRIVED
[11:57:03.560] Drone 4 reached zone 1
[11:57:03.560] Drone 4 -> DROPPING_AGENT
[11:57:05.521] Drone 2 -> COMPLETED
[11:57:05.521] Zone 5 extinguished by drone 2
[11:57:05.521] Drone 2 -> RETURNING
[11:57:07.562] Drone 4 -> COMPLETED
[11:57:07.562] Zone 1 extinguished by drone 4
[11:57:07.562] Drone 4 -> RETURNING
[11:57:10.668] Drone 3 -> REFILLING
[11:57:12.669] Drone 3 -> IDLE
[11:57:13.169] Drone 0 -> ARRIVED
[11:57:13.169] Drone 0 reached zone 3
[11:57:13.169] Drone 0 -> DROPPING_AGENT
[11:57:15.538] Drone 1 -> ARRIVED
[11:57:15.538] Drone 1 reached zone 4
[11:57:15.538] Drone 1 -> DROPPING_AGENT
[11:57:17.170] Drone 0 -> COMPLETED
[11:57:17.170] Zone 3 extinguished by drone 0
[11:57:17.171] Drone 0 -> RETURNING
[11:57:19.539] Drone 1 -> COMPLETED
[11:57:19.539] Drone 1 -> RETURNING
[11:57:19.539] Drone 3 dispatched to zone 4 (MODERATE)
[11:57:22.459] Drone 2 -> REFILLING
[11:57:23.196] Drone 4 -> REFILLING
[11:57:23.352] Fire detected at zone 1 (LOW, remaining 10L)
[11:57:24.460] Drone 2 -> IDLE
[11:57:25.197] Drone 4 -> IDLE
[11:57:25.198] Drone 4 -> EN_ROUTE
[11:57:25.353] Drone 2 dispatched to zone 1 (LOW)
[11:57:27.290] Drone 0 -> REFILLING
[11:57:27.793] Fire detected at zone 2 (LOW, remaining 10L)
[11:57:29.292] Drone 0 -> IDLE
[11:57:29.794] Drone 0 dispatched to zone 2 (LOW)
[11:57:30.108] Drone 4 -> ARRIVED
[11:57:30.108] Drone 4 -> DROPPING_AGENT
[11:57:30.264] Drone 2 -> ARRIVED
[11:57:30.264] Drone 2 reached zone 1
[11:57:30.264] Drone 2 -> DROPPING_AGENT
[11:57:33.554] Fire detected at zone 5 (HIGH, remaining 30L)
[11:57:39.047] === Simulation session started ===
[11:57:39.049] Drone 99 registered on port 16151
[11:57:39.249] Fire detected at zone 1 (LOW, remaining 10L)
[11:57:39.253] Drone 99 dispatched to zone 1 (LOW)
[11:57:39.266] === Simulation session started ===
[11:57:39.267] Drone 1 registered on port 16451
[11:57:39.267] Drone 2 registered on port 16452
[11:57:39.467] Fire detected at zone 1 (LOW, remaining 10L)
[11:57:39.468] Drone 1 dispatched to zone 1 (LOW)
[11:57:39.968] [HARD FAULT] Drone 1 shut down: NOZZLE_STUCK_OPEN
[11:57:39.968] [REASSIGN] Reassigning zone 1 from drone 1
[11:57:39.969] Drone 2 dispatched to zone 1 (LOW)
[11:57:39.977] === Simulation session started ===
[11:57:39.978] Drone 1 registered on port 16251
[11:57:39.978] Drone 2 registered on port 16252
[11:57:40.179] Fire detected at zone 1 (LOW, remaining 10L)
[11:57:40.180] Drone 1 dispatched to zone 1 (LOW)
[11:57:40.679] [FAULT] Drone 1 faulted: NOZZLE_STUCK_CLOSED
[11:57:40.680] [REASSIGN] Reassigning zone 1 from drone 1
[11:57:40.681] Drone 2 dispatched to zone 1 (LOW)
[11:57:40.686] === Simulation session started ===
[11:57:40.687] Drone 1 registered on port 16351
[11:57:40.687] Drone 2 registered on port 16352
[11:57:40.888] Fire detected at zone 1 (LOW, remaining 10L)
[11:57:40.889] Drone 1 dispatched to zone 1 (LOW)
[11:57:45.688] [TIMEOUT] Drone 1 timed out — assumed stuck mid-flight
[11:57:45.688] [REASSIGN] Reassigning zone 1 from timed-out drone 1
[11:57:45.689] Drone 2 dispatched to zone 1 (LOW)
[11:57:45.692] === Simulation session started ===
[11:57:52.197] === Simulation session started ===
[11:57:52.198] === Simulation session started ===
[11:57:52.199] === Simulation session started ===
[11:57:52.953] === Simulation session started ===
[11:57:52.954] === Simulation session started ===
[11:57:52.955] === Simulation session started ===
[11:57:53.713] === Simulation session started ===
[11:57:53.714] Drone 1 registered on port 16761
[11:57:53.714] Drone 2 registered on port 16762
[11:57:53.914] Fire detected at zone 1 (LOW, remaining 10L)
[11:57:53.915] Drone 1 dispatched to zone 1 (LOW)
[11:57:55.916] Drone 1 -> ARRIVED
[11:57:55.916] Drone 1 reached zone 1
[11:57:55.916] Drone 1 -> COMPLETED
[11:57:55.916] Zone 1 extinguished by drone 1
[11:57:55.916] Fire detected at zone 1 (LOW, remaining 10L)
[11:57:55.917] Drone 1 -> IDLE
[11:57:55.917] Drone 2 dispatched to zone 1 (LOW)
[11:57:55.932] === Simulation session started ===
[11:57:55.932] Drone 1 registered on port 16751
[11:57:55.933] Drone 2 registered on port 16752
[11:57:56.133] Fire detected at zone 1 (LOW, remaining 10L)
[11:57:56.134] Drone 1 dispatched to zone 1 (LOW)
[11:57:56.434] Drone 1 -> ARRIVED
[11:57:56.434] Drone 1 reached zone 1
[11:57:56.434] Drone 1 -> COMPLETED
[11:57:56.434] Zone 1 extinguished by drone 1
[11:57:56.434] Drone 1 -> IDLE
[11:57:56.534] Fire detected at zone 2 (LOW, remaining 10L)
[11:57:56.635] Drone 2 dispatched to zone 2 (LOW)
[11:57:56.642] === Simulation session started ===
[11:57:56.642] Fire detected at zone 1 (LOW, remaining 10L)
[11:57:56.642] Fire detected at zone 2 (LOW, remaining 10L)
[11:57:56.642] Fire detected at zone 3 (LOW, remaining 10L)
[11:57:56.743] Drone 300 registered on port 16650
[11:57:57.043] Drone 300 -> ARRIVED
[11:57:57.043] Drone 300 -> COMPLETED
[11:57:57.043] Drone 300 -> IDLE
[11:57:57.243] Drone 300 -> ARRIVED
[11:57:57.244] Drone 300 -> COMPLETED
[11:57:57.244] Drone 300 -> IDLE
[11:57:57.443] Drone 300 -> ARRIVED
[11:57:57.444] Drone 300 -> COMPLETED
[11:57:57.444] Drone 300 -> IDLE
[11:57:57.644] Drone 300 dispatched to zone 1 (LOW)
[11:57:57.644] Drone 300 -> ARRIVED
[11:57:57.644] Drone 300 reached zone 1
[11:57:57.644] Drone 300 -> COMPLETED
[11:57:57.644] Zone 1 extinguished by drone 300
[11:57:57.644] Drone 300 -> IDLE
[11:57:57.844] Drone 300 -> ARRIVED
[11:57:57.844] Drone 300 -> COMPLETED
[11:57:57.844] Drone 300 -> IDLE
[11:57:58.145] Drone 300 dispatched to zone 2 (LOW)
[11:57:58.646] Drone 300 dispatched to zone 3 (LOW)
[11:57:58.649] === Simulation session started ===
[11:57:58.902] === Simulation session started ===
[11:57:59.156] === Simulation session started ===
[11:57:59.914] === Simulation session started ===
[11:57:59.914] Drone 1 registered on port 43940
[11:57:59.914] Drone 2 registered on port 56219
[11:57:59.915] Fire detected at zone 1 (LOW, remaining 10L)
[11:57:59.915] Drone 1 dispatched to zone 1 (LOW)
[11:57:59.915] Drone 1 -> COMPLETED
[11:57:59.915] Zone 1 extinguished by drone 1
[11:57:59.916] Drone 1 -> IDLE
[11:57:59.917] Fire detected at zone 2 (LOW, remaining 10L)
[11:58:00.416] Drone 2 dispatched to zone 2 (LOW)
[11:58:00.420] === Simulation session started ===
[11:58:00.421] === Simulation session started ===
[11:58:00.421] === Simulation session started ===
[11:58:00.422] === Simulation session started ===
[11:58:00.423] === Simulation session started ===
[11:58:00.427] === Simulation session started ===
[11:58:00.428] === Simulation session started ===
[11:58:00.429] === Simulation session started ===
[11:58:00.447] === Simulation session started ===
[11:58:03.355] === Simulation session started ===
[11:58:06.262] === Simulation session started ===
[11:58:06.515] === Simulation session started ===
[11:58:14.048] [TIMEOUT] Drone 99 timed out — assumed stuck mid-flight
[11:58:14.049] [REASSIGN] Reassigning zone 1 from timed-out drone 99
[11:59:48.532] === Simulation session started ===
[11:59:48.539] Drone 99 registered on port 16151
[11:59:48.741] Fire detected at zone 1 (LOW, remaining 10L)
[11:59:48.745] Drone 99 dispatched to zone 1 (LOW)
[11:59:48.760] === Simulation session started ===
[11:59:48.761] Drone 1 registered on port 16451
[11:59:48.762] Drone 2 registered on port 16452
[11:59:48.962] Fire detected at zone 1 (LOW, remaining 10L)
[11:59:48.963] Drone 1 dispatched to zone 1 (LOW)
[11:59:49.463] [HARD FAULT] Drone 1 shut down: NOZZLE_STUCK_OPEN
[11:59:49.463] [REASSIGN] Reassigning zone 1 from drone 1
[11:59:49.465] Drone 2 dispatched to zone 1 (LOW)
[11:59:49.472] === Simulation session started ===
[11:59:49.473] Drone 1 registered on port 16251
[11:59:49.473] Drone 2 registered on port 16252
[11:59:49.674] Fire detected at zone 1 (LOW, remaining 10L)
[11:59:49.675] Drone 1 dispatched to zone 1 (LOW)
[11:59:50.175] [FAULT] Drone 1 faulted: NOZZLE_STUCK_CLOSED
[11:59:50.175] [REASSIGN] Reassigning zone 1 from drone 1
[11:59:50.176] Drone 2 dispatched to zone 1 (LOW)
[11:59:50.185] === Simulation session started ===
[11:59:50.186] Drone 1 registered on port 16351
[11:59:50.186] Drone 2 registered on port 16352
[11:59:50.387] Fire detected at zone 1 (LOW, remaining 10L)
[11:59:50.388] Drone 1 dispatched to zone 1 (LOW)
[11:59:55.186] [TIMEOUT] Drone 1 timed out — assumed stuck mid-flight
[11:59:55.187] [REASSIGN] Reassigning zone 1 from timed-out drone 1
[11:59:55.188] Drone 2 dispatched to zone 1 (LOW)
[11:59:55.194] === Simulation session started ===
[12:02:51.079] === Simulation session started ===
[12:02:51.080] Drone 99 registered on port 16151
[12:02:51.281] Fire detected at zone 1 (LOW, remaining 10L)
[12:02:51.287] Drone 99 dispatched to zone 1 (LOW)
[12:02:51.298] === Simulation session started ===
[12:02:51.299] Drone 1 registered on port 16451
[12:02:51.299] Drone 2 registered on port 16452
[12:02:51.500] Fire detected at zone 1 (LOW, remaining 10L)
[12:02:51.501] Drone 1 dispatched to zone 1 (LOW)
[12:02:52.000] [HARD FAULT] Drone 1 shut down: NOZZLE_STUCK_OPEN
[12:02:52.000] [REASSIGN] Reassigning zone 1 from drone 1
[12:02:52.003] Drone 2 dispatched to zone 1 (LOW)
[12:02:52.012] === Simulation session started ===
[12:02:52.013] Drone 1 registered on port 16251
[12:02:52.013] Drone 2 registered on port 16252
[12:02:52.213] Fire detected at zone 1 (LOW, remaining 10L)
[12:02:52.214] Drone 1 dispatched to zone 1 (LOW)
[12:02:52.714] [FAULT] Drone 1 faulted: NOZZLE_STUCK_CLOSED
[12:02:52.714] [REASSIGN] Reassigning zone 1 from drone 1
[12:02:52.715] Drone 2 dispatched to zone 1 (LOW)
[12:02:52.724] === Simulation session started ===
[12:02:52.726] Drone 1 registered on port 16351
[12:02:52.726] Drone 2 registered on port 16352
[12:02:52.926] Fire detected at zone 1 (LOW, remaining 10L)
[12:02:52.927] Drone 1 dispatched to zone 1 (LOW)
[12:02:57.726] [TIMEOUT] Drone 1 timed out — assumed stuck mid-flight
[12:02:57.726] [REASSIGN] Reassigning zone 1 from timed-out drone 1
[12:02:57.727] Drone 2 dispatched to zone 1 (LOW)
[12:02:57.731] === Simulation session started ===
[12:02:59.386] === Simulation session started ===
[12:02:59.387] === Simulation session started ===
[12:02:59.389] === Simulation session started ===
[12:03:00.143] === Simulation session started ===
[12:03:00.144] === Simulation session started ===
[12:03:00.146] === Simulation session started ===
[12:03:00.904] === Simulation session started ===
[12:03:00.905] Drone 1 registered on port 16761
[12:03:00.905] Drone 2 registered on port 16762
[12:03:01.105] Fire detected at zone 1 (LOW, remaining 10L)
[12:03:01.106] Drone 1 dispatched to zone 1 (LOW)
[12:03:03.108] Drone 1 -> ARRIVED
[12:03:03.108] Drone 1 reached zone 1
[12:03:03.108] Drone 1 -> COMPLETED
[12:03:03.108] Zone 1 extinguished by drone 1
[12:03:03.108] Fire detected at zone 1 (LOW, remaining 10L)
[12:03:03.109] Drone 1 -> IDLE
[12:03:03.109] Drone 2 dispatched to zone 1 (LOW)
[12:03:03.119] === Simulation session started ===
[12:03:03.120] Drone 1 registered on port 16751
[12:03:03.120] Drone 2 registered on port 16752
[12:03:03.320] Fire detected at zone 1 (LOW, remaining 10L)
[12:03:03.321] Drone 1 dispatched to zone 1 (LOW)
[12:03:03.621] Drone 1 -> ARRIVED
[12:03:03.621] Drone 1 reached zone 1
[12:03:03.621] Drone 1 -> COMPLETED
[12:03:03.621] Zone 1 extinguished by drone 1
[12:03:03.621] Drone 1 -> IDLE
[12:03:03.721] Fire detected at zone 2 (LOW, remaining 10L)
[12:03:03.822] Drone 2 dispatched to zone 2 (LOW)
[12:03:03.828] === Simulation session started ===
[12:03:03.829] Fire detected at zone 1 (LOW, remaining 10L)
[12:03:03.829] Fire detected at zone 2 (LOW, remaining 10L)
[12:03:03.829] Fire detected at zone 3 (LOW, remaining 10L)
[12:03:03.929] Drone 300 registered on port 16650
[12:03:04.230] Drone 300 -> ARRIVED
[12:03:04.230] Drone 300 -> COMPLETED
[12:03:04.230] Drone 300 -> IDLE
[12:03:04.430] Drone 300 -> ARRIVED
[12:03:04.430] Drone 300 -> COMPLETED
[12:03:04.430] Drone 300 -> IDLE
[12:03:04.630] Drone 300 -> ARRIVED
[12:03:04.630] Drone 300 -> COMPLETED
[12:03:04.631] Drone 300 -> IDLE
[12:03:04.830] Drone 300 dispatched to zone 1 (LOW)
[12:03:04.830] Drone 300 -> ARRIVED
[12:03:04.830] Drone 300 reached zone 1
[12:03:04.830] Drone 300 -> COMPLETED
[12:03:04.830] Zone 1 extinguished by drone 300
[12:03:04.830] Drone 300 -> IDLE
[12:03:05.031] Drone 300 -> ARRIVED
[12:03:05.031] Drone 300 -> COMPLETED
[12:03:05.031] Drone 300 -> IDLE
[12:03:05.331] Drone 300 dispatched to zone 2 (LOW)
[12:03:05.832] Drone 300 dispatched to zone 3 (LOW)
[12:03:05.834] === Simulation session started ===
[12:03:06.088] === Simulation session started ===
[12:03:06.341] === Simulation session started ===
[12:03:07.098] === Simulation session started ===
[12:03:07.099] Drone 1 registered on port 44234
[12:03:07.099] Drone 2 registered on port 45302
[12:03:07.100] Fire detected at zone 1 (LOW, remaining 10L)
[12:03:07.100] Drone 1 dispatched to zone 1 (LOW)
[12:03:07.100] Drone 1 -> COMPLETED
[12:03:07.100] Zone 1 extinguished by drone 1
[12:03:07.101] Drone 1 -> IDLE
[12:03:07.101] Fire detected at zone 2 (LOW, remaining 10L)
[12:03:07.601] Drone 2 dispatched to zone 2 (LOW)
[12:03:07.605] === Simulation session started ===
[12:03:07.605] === Simulation session started ===
[12:03:07.606] === Simulation session started ===
[12:03:07.607] === Simulation session started ===
[12:03:07.607] === Simulation session started ===
[12:03:07.612] === Simulation session started ===
[12:03:07.613] === Simulation session started ===
[12:03:07.614] === Simulation session started ===
[12:03:07.631] === Simulation session started ===
[12:03:10.538] === Simulation session started ===
[12:03:13.446] === Simulation session started ===
[12:03:13.699] === Simulation session started ===
[12:12:44.502] === Simulation session started ===
[12:12:44.820] === Simulation session started ===
[12:12:48.083] Drone 1 registered on port 7001
[12:12:48.084] Drone 2 registered on port 7002
[12:12:48.095] Drone 4 registered on port 7004
[12:12:48.100] Drone 0 registered on port 7000
[12:12:48.118] Drone 3 registered on port 7003
[12:12:49.459] Fire detected at zone 2 (LOW, remaining 10L)
[12:12:49.465] Drone 0 dispatched to zone 2 (LOW)
[12:13:01.597] Fire detected at zone 1 (MODERATE, remaining 20L)
[12:13:01.597] Drone 1 dispatched to zone 1 (MODERATE)
[12:13:02.598] Fire detected at zone 5 (LOW, remaining 10L)
[12:13:02.598] Drone 2 dispatched to zone 5 (LOW)
[12:13:03.008] Drone 0 -> ARRIVED
[12:13:03.008] Drone 0 reached zone 2
[12:13:03.008] Drone 0 -> DROPPING_AGENT
[12:13:04.738] Fire detected at zone 3 (MODERATE, remaining 20L)
[12:13:04.739] Drone 3 dispatched to zone 3 (MODERATE)
[12:13:06.039] Fire detected at zone 4 (MODERATE, remaining 20L)
[12:13:06.040] Drone 4 dispatched to zone 4 (MODERATE)
[12:13:06.515] Drone 1 -> ARRIVED
[12:13:06.515] Drone 1 reached zone 1
[12:13:06.515] Drone 1 -> DROPPING_AGENT
[12:13:07.009] Drone 0 -> COMPLETED
[12:13:07.009] Zone 2 extinguished by drone 0
[12:13:07.010] Drone 0 -> RETURNING
[12:13:10.516] Drone 1 -> COMPLETED
[12:13:10.517] Drone 4 dispatched to zone 1 (MODERATE)
[12:13:10.517] Drone 1 -> RETURNING
[12:13:15.028] Drone 1 -> REFILLING
[12:13:15.370] Drone 3 -> ARRIVED
[12:13:15.371] Drone 3 reached zone 3
[12:13:15.371] Drone 3 -> DROPPING_AGENT
[12:13:17.029] Drone 1 -> IDLE
[12:13:17.029] Zone 1 extinguished by drone 1
[12:13:18.020] Drone 1 dispatched to zone 4 (MODERATE)
[12:13:19.337] Drone 0 -> REFILLING
[12:13:19.372] Drone 3 -> COMPLETED
[12:13:19.372] Drone 3 -> RETURNING
[12:13:20.346] Drone 2 -> ARRIVED
[12:13:20.346] Drone 2 reached zone 5
[12:13:20.346] Drone 2 -> DROPPING_AGENT
[12:13:21.339] Drone 0 -> IDLE
[12:13:21.373] Drone 0 dispatched to zone 3 (MODERATE)
[12:13:22.390] Drone 4 -> ARRIVED
[12:13:22.390] Drone 4 reached zone 1
[12:13:22.390] Drone 4 -> DROPPING_AGENT
[12:13:24.347] Drone 2 -> COMPLETED
[12:13:24.347] Zone 5 extinguished by drone 2
[12:13:24.347] Drone 2 -> RETURNING
[12:13:26.391] Drone 4 -> COMPLETED
[12:13:26.391] Zone 1 extinguished by drone 4
[12:13:26.391] Drone 4 -> RETURNING
[12:13:29.495] Drone 3 -> REFILLING
[12:13:31.497] Drone 3 -> IDLE
[12:13:31.497] Zone 3 extinguished by drone 3
[12:13:31.997] Drone 0 -> ARRIVED
[12:13:31.997] Drone 0 reached zone 3
[12:13:31.997] Drone 0 -> DROPPING_AGENT
[12:13:34.360] Drone 1 -> ARRIVED
[12:13:34.360] Drone 1 reached zone 4
[12:13:34.360] Drone 1 -> DROPPING_AGENT
[12:13:35.998] Drone 0 -> COMPLETED
[12:13:35.998] Zone 3 extinguished by drone 0
[12:13:35.998] Drone 0 -> RETURNING
[12:13:38.361] Drone 1 -> COMPLETED
[12:13:38.361] Drone 1 -> RETURNING
[12:13:38.361] Drone 3 dispatched to zone 4 (MODERATE)
[12:13:41.283] Drone 2 -> REFILLING
[12:13:42.025] Drone 4 -> REFILLING
[12:13:42.180] Fire detected at zone 1 (LOW, remaining 10L)
[12:13:43.284] Drone 2 -> IDLE
[12:13:44.027] Drone 4 -> IDLE
[12:13:44.027] Zone 1 extinguished by drone 4
[12:13:44.027] Drone 4 -> EN_ROUTE
[12:13:44.181] Drone 2 dispatched to zone 1 (LOW)
[12:13:46.116] Drone 0 -> REFILLING
[12:13:46.621] Fire detected at zone 2 (LOW, remaining 10L)
[12:13:48.117] Drone 0 -> IDLE
[12:13:48.622] Drone 0 dispatched to zone 2 (LOW)
[12:13:48.937] Drone 4 -> ARRIVED
[12:13:48.937] Drone 4 -> DROPPING_AGENT
[12:13:49.091] Drone 2 -> ARRIVED
[12:13:49.091] Drone 2 reached zone 1
[12:13:49.091] Drone 2 -> DROPPING_AGENT
[12:13:52.382] Fire detected at zone 5 (HIGH, remaining 30L)
[12:13:52.938] Drone 4 -> COMPLETED
[12:13:52.938] Drone 4 -> RETURNING
[12:13:53.092] Drone 2 -> COMPLETED
[12:13:53.092] Zone 1 extinguished by drone 2
[12:13:53.092] Drone 2 -> RETURNING
[12:13:53.991] Drone 1 -> REFILLING
[12:13:54.695] Drone 3 -> ARRIVED
[12:13:54.695] Drone 3 reached zone 4
[12:13:54.695] Drone 3 -> DROPPING_AGENT
[12:13:55.992] Drone 1 -> IDLE
[12:13:55.992] Zone 4 extinguished by drone 1
[12:13:55.993] Fire detected at zone 4 (HIGH, remaining 30L)
[12:13:56.384] Drone 1 dispatched to zone 5 (HIGH)
[12:13:57.446] Drone 4 -> REFILLING
[12:13:57.600] Drone 2 -> REFILLING
[12:13:58.183] Fire detected at zone 3 (HIGH, remaining 30L)
[12:13:58.696] Drone 3 -> COMPLETED
[12:13:58.697] Drone 3 -> RETURNING
[12:13:59.447] Drone 4 -> IDLE
[12:13:59.601] Drone 2 -> IDLE
[12:13:59.886] Drone 2 dispatched to zone 4 (HIGH)
[12:14:00.386] Drone 1 dispatched to zone 3 (HIGH)
[12:14:00.887] Drone 2 dispatched to zone 4 (HIGH)
[12:14:01.387] Drone 4 dispatched to zone 5 (HIGH)
[12:14:01.888] Drone 2 dispatched to zone 4 (HIGH)
[12:14:02.146] Drone 0 -> ARRIVED
[12:14:02.146] Drone 0 reached zone 2
[12:14:02.146] Drone 0 -> DROPPING_AGENT
[12:14:02.389] Drone 2 dispatched to zone 4 (HIGH)
[12:14:02.890] Drone 2 dispatched to zone 4 (HIGH)
[12:14:03.390] Drone 2 dispatched to zone 4 (HIGH)
[12:14:03.891] Drone 2 dispatched to zone 4 (HIGH)
[12:14:04.392] Drone 2 dispatched to zone 4 (HIGH)
[12:14:04.893] Drone 2 dispatched to zone 4 (HIGH)
[12:14:05.393] Drone 2 dispatched to zone 4 (HIGH)
[12:14:05.894] Drone 2 dispatched to zone 4 (HIGH)
[12:14:06.147] Drone 0 -> COMPLETED
[12:14:06.147] Zone 2 extinguished by drone 0
[12:14:06.147] Drone 0 -> RETURNING
[12:14:06.395] Drone 2 dispatched to zone 4 (HIGH)
[12:14:06.895] Drone 2 dispatched to zone 4 (HIGH)
[12:14:07.396] Drone 2 dispatched to zone 4 (HIGH)
[12:14:07.897] Drone 2 dispatched to zone 4 (HIGH)
[12:14:08.397] Drone 2 dispatched to zone 4 (HIGH)
[12:14:08.898] Drone 2 dispatched to zone 4 (HIGH)
[12:14:09.398] Drone 2 dispatched to zone 4 (HIGH)
[12:14:09.899] Drone 2 dispatched to zone 4 (HIGH)
[12:14:10.400] Drone 2 dispatched to zone 4 (HIGH)
[12:14:10.901] Drone 2 dispatched to zone 4 (HIGH)
[12:14:11.401] Drone 2 dispatched to zone 4 (HIGH)
[12:14:11.902] Drone 2 dispatched to zone 4 (HIGH)
[12:14:12.402] Drone 2 dispatched to zone 4 (HIGH)
[12:14:12.903] Drone 2 dispatched to zone 4 (HIGH)
[12:14:13.403] Drone 2 dispatched to zone 4 (HIGH)
[12:14:13.904] Drone 2 dispatched to zone 4 (HIGH)
[12:14:14.112] Drone 1 -> ARRIVED
[12:14:14.112] Drone 1 reached zone 3
[12:14:14.112] Drone 1 -> DROPPING_AGENT
[12:14:14.327] Drone 3 -> REFILLING
[12:14:14.405] Drone 2 dispatched to zone 4 (HIGH)
[12:14:14.905] Drone 2 dispatched to zone 4 (HIGH)
[12:14:15.406] Drone 2 dispatched to zone 4 (HIGH)
[12:14:15.907] Drone 2 dispatched to zone 4 (HIGH)
[12:14:16.216] Drone 2 -> ARRIVED
[12:14:16.216] Drone 2 reached zone 4
[12:14:16.216] Drone 2 -> DROPPING_AGENT
[12:14:16.328] Drone 3 -> IDLE
[12:14:16.328] Zone 4 extinguished by drone 3
[12:14:16.407] Drone 3 dispatched to zone 4 (HIGH)
[12:14:16.664] Fire detected at zone 1 (LOW, remaining 10L)
[12:14:18.113] Drone 1 -> COMPLETED
[12:14:18.113] Drone 1 -> RETURNING
[12:14:18.468] Drone 0 -> REFILLING
[12:14:19.121] Drone 4 -> ARRIVED
[12:14:19.121] Drone 4 reached zone 5
[12:14:19.121] Drone 4 -> DROPPING_AGENT
[12:14:20.217] Drone 2 -> COMPLETED
[12:14:20.217] Zone 4 extinguished by drone 2
[12:14:20.217] Drone 2 -> RETURNING
[12:14:20.470] Drone 0 -> IDLE
[12:14:20.909] Drone 0 dispatched to zone 1 (LOW)
[12:14:23.122] Drone 4 -> COMPLETED
[12:14:23.122] Drone 4 -> RETURNING
[12:14:25.820] Drone 0 -> ARRIVED
[12:14:25.820] Drone 0 reached zone 1
[12:14:25.820] Drone 0 -> DROPPING_AGENT
[12:14:29.821] Drone 0 -> COMPLETED
[12:14:29.821] Zone 1 extinguished by drone 0
[12:14:29.821] Drone 0 -> RETURNING
[12:14:32.735] Drone 3 -> ARRIVED
[12:14:32.735] Drone 3 reached zone 4
[12:14:32.735] Drone 3 -> DROPPING_AGENT
[12:14:34.329] Drone 0 -> REFILLING
[12:14:35.039] Drone 1 -> REFILLING
[12:14:35.840] Drone 2 -> REFILLING
[12:14:36.330] Drone 0 -> IDLE
[12:14:36.414] Drone 0 dispatched to zone 3 (HIGH)
[12:14:36.736] Drone 3 -> COMPLETED
[12:14:36.736] Zone 4 extinguished by drone 3
[12:14:36.736] Drone 3 -> RETURNING
[12:14:37.040] Drone 1 -> IDLE
[12:14:37.040] Zone 3 extinguished by drone 1
[12:14:37.040] Fire detected at zone 3 (HIGH, remaining 30L)
[12:14:37.040] Drone 1 -> EN_ROUTE
[12:14:37.841] Drone 2 -> IDLE
[12:14:37.842] Drone 2 -> EN_ROUTE
[12:18:06.466] === Simulation session started ===
[12:18:06.798] === Simulation session started ===
[12:18:10.120] Drone 3 registered on port 7003
[12:18:10.123] Drone 4 registered on port 7004
[12:18:10.142] Drone 1 registered on port 7001
[12:18:10.142] Drone 2 registered on port 7002
[12:18:10.177] Drone 0 registered on port 7000
[12:18:11.482] Fire detected at zone 2 (LOW, remaining 10L)
[12:18:11.487] Drone 0 dispatched to zone 2 (LOW)
[12:18:23.620] Fire detected at zone 1 (MODERATE, remaining 20L)
[12:18:23.620] Drone 1 dispatched to zone 1 (MODERATE)
[12:18:24.620] Fire detected at zone 5 (LOW, remaining 10L)
[12:18:24.621] Drone 2 dispatched to zone 5 (LOW)
[12:18:25.029] Drone 0 -> ARRIVED
[12:18:25.029] Drone 0 reached zone 2
[12:18:25.030] Drone 0 -> DROPPING_AGENT
[12:18:26.761] Fire detected at zone 3 (MODERATE, remaining 20L)
[12:18:26.761] Drone 3 dispatched to zone 3 (MODERATE)
[12:18:28.062] Fire detected at zone 4 (MODERATE, remaining 20L)
[12:18:28.063] Drone 4 dispatched to zone 4 (MODERATE)
[12:18:28.538] Drone 1 -> ARRIVED
[12:18:28.538] Drone 1 reached zone 1
[12:18:28.538] Drone 1 -> DROPPING_AGENT
[12:18:29.030] Drone 0 -> COMPLETED
[12:18:29.031] Zone 2 extinguished by drone 0
[12:18:29.031] Drone 0 -> RETURNING
[12:18:32.540] Drone 1 -> COMPLETED
[12:18:32.541] Drone 1 -> RETURNING
[12:18:37.051] Drone 1 -> REFILLING
[12:18:37.394] Drone 3 -> ARRIVED
[12:18:37.394] Drone 3 reached zone 3
[12:18:37.394] Drone 3 -> DROPPING_AGENT
[12:18:39.052] Drone 1 -> IDLE
[12:18:39.052] Zone 1 extinguished by drone 1
[12:18:41.361] Drone 0 -> REFILLING
[12:18:41.396] Drone 3 -> COMPLETED
[12:18:41.396] Drone 3 -> RETURNING
[12:18:42.372] Drone 2 -> ARRIVED
[12:18:42.372] Drone 2 reached zone 5
[12:18:42.372] Drone 2 -> DROPPING_AGENT
[12:18:43.363] Drone 0 -> IDLE
[12:18:44.412] Drone 4 -> ARRIVED
[12:18:44.412] Drone 4 reached zone 4
[12:18:44.412] Drone 4 -> DROPPING_AGENT
[12:18:46.373] Drone 2 -> COMPLETED
[12:18:46.373] Zone 5 extinguished by drone 2
[12:18:46.373] Drone 2 -> RETURNING
[12:18:48.413] Drone 4 -> COMPLETED
[12:18:48.413] Drone 4 -> RETURNING
[12:18:51.520] Drone 3 -> REFILLING
[12:18:53.522] Drone 3 -> IDLE
[12:18:53.522] Zone 3 extinguished by drone 3
[12:19:03.312] Drone 2 -> REFILLING
[12:19:04.048] Drone 4 -> REFILLING
[12:19:04.203] Fire detected at zone 1 (LOW, remaining 10L)
[12:19:05.314] Drone 2 -> IDLE
[12:19:06.050] Drone 4 -> IDLE
[12:19:06.050] Zone 4 extinguished by drone 4
[12:19:06.660] Drone 0 dispatched to zone 1 (LOW)
[12:19:08.644] Fire detected at zone 2 (LOW, remaining 10L)
[12:19:08.644] Drone 1 dispatched to zone 2 (LOW)
[12:19:11.571] Drone 0 -> ARRIVED
[12:19:11.571] Drone 0 reached zone 1
[12:19:11.571] Drone 0 -> DROPPING_AGENT
[12:19:14.224] Fire detected at zone 4 (HIGH, remaining 30L)
[12:19:14.225] Drone 2 dispatched to zone 4 (HIGH)
[12:19:14.405] Fire detected at zone 5 (HIGH, remaining 30L)
[12:19:14.725] Drone 3 dispatched to zone 5 (HIGH)
[12:22:49.557] === Simulation session started ===
[12:22:49.567] === Simulation session started ===
[12:22:49.577] === Simulation session started ===
[12:22:49.983] === Simulation session started ===
[12:22:50.296] === Simulation session started ===
[12:22:50.348] === Simulation session started ===
[12:22:50.352] === Simulation session started ===
[12:22:50.355] === Simulation session started ===
[12:22:53.555] Drone 4 registered on port 7004
[12:22:53.571] Drone 0 registered on port 7000
[12:22:53.590] Drone 3 registered on port 7003
[12:22:53.597] Drone 1 registered on port 7001
[12:22:53.599] Drone 2 registered on port 7002
[12:22:54.925] Fire detected at zone 2 (LOW, remaining 10L)
[12:22:54.931] Drone 0 dispatched to zone 2 (LOW)
[12:23:07.063] Fire detected at zone 1 (MODERATE, remaining 20L)
[12:23:07.064] Drone 1 dispatched to zone 1 (MODERATE)
[12:23:08.064] Fire detected at zone 5 (LOW, remaining 10L)
[12:23:08.064] Drone 2 dispatched to zone 5 (LOW)
[12:23:08.475] Drone 0 -> ARRIVED
[12:23:08.475] Drone 0 reached zone 2
[12:23:08.475] Drone 0 -> DROPPING_AGENT
[12:23:10.204] Fire detected at zone 3 (MODERATE, remaining 20L)
[12:23:10.205] Drone 3 dispatched to zone 3 (MODERATE)
[12:23:11.505] Fire detected at zone 4 (MODERATE, remaining 20L)
[12:23:11.506] Drone 4 dispatched to zone 4 (MODERATE)
[12:23:11.982] Drone 1 -> ARRIVED
[12:23:11.982] Drone 1 reached zone 1
[12:23:11.982] Drone 1 -> DROPPING_AGENT
[12:23:12.476] Drone 0 -> COMPLETED
[12:23:12.476] Zone 2 extinguished by drone 0
[12:23:12.476] Drone 0 -> RETURNING
[12:23:15.983] Drone 1 -> COMPLETED
[12:23:15.984] Drone 1 -> RETURNING
[12:23:20.495] Drone 1 -> REFILLING
[12:23:20.837] Drone 3 -> ARRIVED
[12:23:20.837] Drone 3 reached zone 3
[12:23:20.838] Drone 3 -> DROPPING_AGENT
[12:23:22.499] Drone 1 -> IDLE
[12:23:22.499] Zone 1 extinguished by drone 1
[12:23:24.809] Drone 0 -> REFILLING
[12:23:24.839] Drone 3 -> COMPLETED
[12:23:24.839] Drone 3 -> RETURNING
[12:23:25.815] Drone 2 -> ARRIVED
[12:23:25.815] Drone 2 reached zone 5
[12:23:25.815] Drone 2 -> DROPPING_AGENT
[12:23:26.811] Drone 0 -> IDLE
[12:23:27.856] Drone 4 -> ARRIVED
[12:23:27.856] Drone 4 reached zone 4
[12:23:27.856] Drone 4 -> DROPPING_AGENT
[12:23:29.816] Drone 2 -> COMPLETED
[12:23:29.816] Zone 5 extinguished by drone 2
[12:23:29.816] Drone 2 -> RETURNING
[12:23:31.857] Drone 4 -> COMPLETED
[12:23:31.857] Drone 4 -> RETURNING
[12:23:34.968] Drone 3 -> REFILLING
[12:23:36.969] Drone 3 -> IDLE
[12:23:36.969] Zone 3 extinguished by drone 3
[12:23:46.755] Drone 2 -> REFILLING
[12:23:47.490] Drone 4 -> REFILLING
[12:23:47.646] Fire detected at zone 1 (LOW, remaining 10L)
[12:23:48.756] Drone 2 -> IDLE
[12:23:49.492] Drone 4 -> IDLE
[12:23:49.492] Zone 4 extinguished by drone 4
[12:23:50.104] Drone 0 dispatched to zone 1 (LOW)
[12:23:52.087] Fire detected at zone 2 (LOW, remaining 10L)
[12:23:52.088] Drone 1 dispatched to zone 2 (LOW)
[12:23:55.016] Drone 0 -> ARRIVED
[12:23:55.016] Drone 0 reached zone 1
[12:23:55.016] Drone 0 -> DROPPING_AGENT
[12:23:57.668] Fire detected at zone 4 (HIGH, remaining 30L)
[12:23:57.668] Drone 2 dispatched to zone 4 (HIGH)
[12:23:57.848] Fire detected at zone 5 (HIGH, remaining 30L)
[12:23:58.169] Drone 3 dispatched to zone 5 (HIGH)
[12:26:49.358] === Simulation session started ===
[12:26:49.367] Drone 99 registered on port 16151
[12:26:49.569] Fire detected at zone 1 (LOW, remaining 10L)
[12:26:49.573] Drone 99 dispatched to zone 1 (LOW)
[12:26:49.585] === Simulation session started ===
[12:26:49.587] Drone 1 registered on port 16451
[12:26:49.587] Drone 2 registered on port 16452
[12:26:49.788] Fire detected at zone 1 (LOW, remaining 10L)
[12:26:49.789] Drone 1 dispatched to zone 1 (LOW)
[12:26:50.289] [HARD FAULT] Drone 1 shut down: NOZZLE_STUCK_OPEN
[12:26:50.289] [REASSIGN] Reassigning zone 1 from drone 1
[12:26:50.291] Drone 2 dispatched to zone 1 (LOW)
[12:26:50.298] === Simulation session started ===
[12:26:50.299] Drone 1 registered on port 16251
[12:26:50.299] Drone 2 registered on port 16252
[12:26:50.500] Fire detected at zone 1 (LOW, remaining 10L)
[12:26:50.501] Drone 1 dispatched to zone 1 (LOW)
[12:26:51.000] [FAULT] Drone 1 faulted: NOZZLE_STUCK_CLOSED
[12:26:51.001] [REASSIGN] Reassigning zone 1 from drone 1
[12:26:51.001] Drone 2 dispatched to zone 1 (LOW)
[12:26:51.011] === Simulation session started ===
[12:26:51.012] Drone 1 registered on port 16351
[12:26:51.012] Drone 2 registered on port 16352
[12:26:51.213] Fire detected at zone 1 (LOW, remaining 10L)
[12:26:51.214] Drone 1 dispatched to zone 1 (LOW)
[12:26:56.013] [TIMEOUT] Drone 1 timed out — assumed stuck mid-flight
[12:26:56.013] [REASSIGN] Reassigning zone 1 from timed-out drone 1
[12:26:56.014] Drone 2 dispatched to zone 1 (LOW)
[12:26:56.021] === Simulation session started ===
[12:26:57.677] === Simulation session started ===
[12:26:57.679] === Simulation session started ===
[12:26:57.683] === Simulation session started ===
[12:26:58.440] === Simulation session started ===
[12:26:58.441] === Simulation session started ===
[12:26:58.443] === Simulation session started ===
[13:28:50.059] === Simulation session started ===
[13:28:50.359] === Simulation session started ===
[13:28:53.657] Drone 1 registered on port 7001
[13:28:53.677] Drone 0 registered on port 7000
[13:28:53.694] Drone 4 registered on port 7004
[13:28:53.696] Drone 3 registered on port 7003
[13:28:53.700] Drone 2 registered on port 7002
[13:28:55.115] Fire detected at zone 2 (LOW, remaining 10L)
[13:28:55.121] Drone 0 dispatched to zone 2 (LOW)
[13:29:07.253] Fire detected at zone 1 (MODERATE, remaining 20L)
[13:29:07.254] Drone 1 dispatched to zone 1 (MODERATE)
[13:29:08.254] Fire detected at zone 5 (LOW, remaining 10L)
[13:29:08.255] Drone 2 dispatched to zone 5 (LOW)
[13:29:08.665] Drone 0 -> ARRIVED
[13:29:08.665] Drone 0 reached zone 2
[13:29:08.665] Drone 0 -> DROPPING_AGENT
[13:29:10.395] Fire detected at zone 3 (MODERATE, remaining 20L)
[13:29:10.395] Drone 3 dispatched to zone 3 (MODERATE)
[13:29:11.696] Fire detected at zone 4 (MODERATE, remaining 20L)
[13:29:11.696] Drone 4 dispatched to zone 4 (MODERATE)
[13:29:12.171] Drone 1 -> ARRIVED
[13:29:12.171] Drone 1 reached zone 1
[13:29:12.171] Drone 1 -> DROPPING_AGENT
[13:29:12.666] Drone 0 -> COMPLETED
[13:29:12.666] Zone 2 extinguished by drone 0
[13:29:12.667] Drone 0 -> RETURNING
[13:29:16.172] Drone 1 -> COMPLETED
[13:29:16.174] Drone 1 -> RETURNING
[13:29:20.684] Drone 1 -> REFILLING
[13:29:21.029] Drone 3 -> ARRIVED
[13:29:21.029] Drone 3 reached zone 3
[13:29:21.029] Drone 3 -> DROPPING_AGENT
[13:29:22.686] Drone 1 -> IDLE
[13:29:22.686] Zone 1 extinguished by drone 1
[13:29:24.995] Drone 0 -> REFILLING
[13:29:25.031] Drone 3 -> COMPLETED
[13:29:25.031] Drone 3 -> RETURNING
[13:29:26.004] Drone 2 -> ARRIVED
[13:29:26.004] Drone 2 reached zone 5
[13:29:26.004] Drone 2 -> DROPPING_AGENT
[13:29:26.997] Drone 0 -> IDLE
[13:29:28.046] Drone 4 -> ARRIVED
[13:29:28.046] Drone 4 reached zone 4
[13:29:28.046] Drone 4 -> DROPPING_AGENT
[13:29:30.005] Drone 2 -> COMPLETED
[13:29:30.005] Zone 5 extinguished by drone 2
[13:29:30.005] Drone 2 -> RETURNING
[13:29:32.047] Drone 4 -> COMPLETED
[13:29:32.047] Drone 4 -> RETURNING
[13:29:35.154] Drone 3 -> REFILLING
[13:29:37.155] Drone 3 -> IDLE
[13:29:37.156] Zone 3 extinguished by drone 3
[13:29:46.942] Drone 2 -> REFILLING
[13:29:47.680] Drone 4 -> REFILLING
[13:29:47.837] Fire detected at zone 1 (LOW, remaining 10L)
[13:29:48.943] Drone 2 -> IDLE
[13:29:49.682] Drone 4 -> IDLE
[13:29:49.682] Zone 4 extinguished by drone 4
[13:29:50.295] Drone 0 dispatched to zone 1 (LOW)
[13:29:52.277] Fire detected at zone 2 (LOW, remaining 10L)
[13:29:52.278] Drone 1 dispatched to zone 2 (LOW)
[13:29:55.207] Drone 0 -> ARRIVED
[13:29:55.207] Drone 0 reached zone 1
[13:29:55.207] Drone 0 -> DROPPING_AGENT
[13:29:57.858] Fire detected at zone 4 (HIGH, remaining 30L)
[13:29:57.859] Drone 2 dispatched to zone 4 (HIGH)
[13:29:58.039] Fire detected at zone 5 (HIGH, remaining 30L)
[13:29:58.359] Drone 3 dispatched to zone 5 (HIGH)
[13:29:59.208] Drone 0 -> COMPLETED
[13:29:59.208] Zone 1 extinguished by drone 0
[13:29:59.208] Drone 0 -> RETURNING
[13:31:45.823] === Simulation session started ===
[13:31:46.150] === Simulation session started ===
[13:31:49.420] Drone 3 registered on port 7003
[13:31:49.436] Drone 2 registered on port 7002
[13:31:49.447] Drone 0 registered on port 7000
[13:31:49.470] Drone 4 registered on port 7004
[13:31:49.470] Drone 1 registered on port 7001
[13:31:50.833] Fire detected at zone 2 (LOW, remaining 10L)
[13:31:50.838] Drone 0 dispatched to zone 2 (LOW)
[13:32:02.970] Fire detected at zone 1 (MODERATE, remaining 20L)
[13:32:02.971] Drone 1 dispatched to zone 1 (MODERATE)
[13:32:03.971] Fire detected at zone 5 (LOW, remaining 10L)
[13:32:03.971] Drone 2 dispatched to zone 5 (LOW)
[13:32:04.383] Drone 0 -> ARRIVED
[13:32:04.383] Drone 0 reached zone 2
[13:32:04.383] Drone 0 -> DROPPING_AGENT
[13:32:06.112] Fire detected at zone 3 (MODERATE, remaining 20L)
[13:32:06.112] Drone 3 dispatched to zone 3 (MODERATE)
[13:32:07.413] Fire detected at zone 4 (MODERATE, remaining 20L)
[13:32:07.413] Drone 4 dispatched to zone 4 (MODERATE)
[13:32:07.890] Drone 1 -> ARRIVED
[13:32:07.890] Drone 1 reached zone 1
[13:32:07.890] Drone 1 -> DROPPING_AGENT
[13:32:08.384] Drone 0 -> COMPLETED
[13:32:08.384] Zone 2 extinguished by drone 0
[13:32:08.384] Drone 0 -> RETURNING
[13:32:11.891] Drone 1 -> COMPLETED
[13:32:11.892] Drone 1 -> RETURNING
[13:32:16.403] Drone 1 -> REFILLING
[13:32:16.746] Drone 3 -> ARRIVED
[13:32:16.746] Drone 3 reached zone 3
[13:32:16.746] Drone 3 -> DROPPING_AGENT
[13:32:18.405] Drone 1 -> IDLE
[13:32:18.405] Zone 1 extinguished by drone 1
[13:32:20.713] Drone 0 -> REFILLING
[13:32:20.747] Drone 3 -> COMPLETED
[13:32:20.747] Drone 3 -> RETURNING
[13:32:21.724] Drone 2 -> ARRIVED
[13:32:21.724] Drone 2 reached zone 5
[13:32:21.725] Drone 2 -> DROPPING_AGENT
[13:32:22.715] Drone 0 -> IDLE
[13:32:23.763] Drone 4 -> ARRIVED
[13:32:23.763] Drone 4 reached zone 4
[13:32:23.763] Drone 4 -> DROPPING_AGENT
[13:32:25.726] Drone 2 -> COMPLETED
[13:32:25.726] Zone 5 extinguished by drone 2
[13:32:25.726] Drone 2 -> RETURNING
[13:32:27.764] Drone 4 -> COMPLETED
[13:32:27.764] Drone 4 -> RETURNING
[13:32:30.875] Drone 3 -> REFILLING
[13:32:32.877] Drone 3 -> IDLE
[13:32:32.877] Zone 3 extinguished by drone 3
[13:32:42.664] Drone 2 -> REFILLING
[13:32:43.400] Drone 4 -> REFILLING
[13:32:43.554] Fire detected at zone 1 (LOW, remaining 10L)
[13:32:44.666] Drone 2 -> IDLE
[13:32:45.401] Drone 4 -> IDLE
[13:32:45.401] Zone 4 extinguished by drone 4
[13:32:46.011] Drone 0 dispatched to zone 1 (LOW)
[13:32:47.994] Fire detected at zone 2 (LOW, remaining 10L)
[13:32:47.995] Drone 1 dispatched to zone 2 (LOW)
[13:32:50.925] Drone 0 -> ARRIVED
[13:32:50.925] Drone 0 reached zone 1
[13:32:50.925] Drone 0 -> DROPPING_AGENT
[13:32:53.575] Fire detected at zone 4 (HIGH, remaining 30L)
[13:32:53.575] Drone 2 dispatched to zone 4 (HIGH)
[13:32:53.756] Fire detected at zone 5 (HIGH, remaining 30L)
[13:32:54.076] Drone 3 dispatched to zone 5 (HIGH)
[13:34:03.606] === Simulation session started ===
[13:34:03.920] === Simulation session started ===
[13:34:07.203] Drone 1 registered on port 7001
[13:34:07.218] Drone 4 registered on port 7004
[13:34:07.221] Drone 3 registered on port 7003
[13:34:07.230] Drone 0 registered on port 7000
[13:34:07.235] Drone 2 registered on port 7002
[13:34:08.587] Fire detected at zone 2 (LOW, remaining 10L)
[13:34:08.594] Drone 0 dispatched to zone 2 (LOW)
[13:34:20.725] Fire detected at zone 1 (MODERATE, remaining 20L)
[13:34:20.725] Drone 1 dispatched to zone 1 (MODERATE)
[13:34:21.726] Fire detected at zone 5 (LOW, remaining 10L)
[13:34:21.726] Drone 2 dispatched to zone 5 (LOW)
[13:34:22.138] Drone 0 -> ARRIVED
[13:34:22.138] Drone 0 reached zone 2
[13:34:22.138] Drone 0 -> DROPPING_AGENT
[13:34:23.866] Fire detected at zone 3 (MODERATE, remaining 20L)
[13:34:23.867] Drone 3 dispatched to zone 3 (MODERATE)
[13:34:25.167] Fire detected at zone 4 (MODERATE, remaining 20L)
[13:34:25.168] Drone 4 dispatched to zone 4 (MODERATE)
[13:34:25.644] Drone 1 -> ARRIVED
[13:34:25.644] Drone 1 reached zone 1
[13:34:25.644] Drone 1 -> DROPPING_AGENT
[13:34:26.139] Drone 0 -> COMPLETED
[13:34:26.140] Zone 2 extinguished by drone 0
[13:34:26.140] Drone 0 -> RETURNING
[13:34:29.645] Drone 1 -> COMPLETED
[13:34:29.646] Drone 1 -> RETURNING
[13:34:34.157] Drone 1 -> REFILLING
[13:34:34.500] Drone 3 -> ARRIVED
[13:34:34.500] Drone 3 reached zone 3
[13:34:34.500] Drone 3 -> DROPPING_AGENT
[13:34:36.158] Drone 1 -> IDLE
[13:34:36.158] Zone 1 extinguished by drone 1
[13:34:38.469] Drone 0 -> REFILLING
[13:34:38.501] Drone 3 -> COMPLETED
[13:34:38.501] Drone 3 -> RETURNING
[13:34:39.478] Drone 2 -> ARRIVED
[13:34:39.478] Drone 2 reached zone 5
[13:34:39.478] Drone 2 -> DROPPING_AGENT
[13:34:40.471] Drone 0 -> IDLE
[13:34:41.517] Drone 4 -> ARRIVED
[13:34:41.517] Drone 4 reached zone 4
[13:34:41.517] Drone 4 -> DROPPING_AGENT
[13:35:47.298] === Simulation session started ===
[13:35:47.619] === Simulation session started ===
[13:35:50.309] Drone 0 registered on port 7000
[13:35:52.301] Fire detected at zone 2 (LOW, remaining 10L)
[13:35:52.305] Drone 0 dispatched to zone 2 (LOW)
[13:36:50.604] === Simulation session started ===
[13:36:50.922] === Simulation session started ===
[13:36:53.617] Drone 0 registered on port 7000
[13:36:55.625] Fire detected at zone 2 (LOW, remaining 10L)
[13:36:55.629] Drone 0 dispatched to zone 2 (LOW)
[13:37:07.763] Fire detected at zone 1 (MODERATE, remaining 20L)
[13:37:08.764] Fire detected at zone 5 (LOW, remaining 10L)
[13:37:09.171] Drone 0 -> ARRIVED
[13:37:09.171] Drone 0 reached zone 2
[13:37:09.171] Drone 0 -> DROPPING_AGENT
[13:37:10.904] Fire detected at zone 3 (MODERATE, remaining 20L)
[13:37:12.205] Fire detected at zone 4 (MODERATE, remaining 20L)
[13:37:13.172] Drone 0 -> COMPLETED
[13:37:13.172] Zone 2 extinguished by drone 0
[13:37:13.173] Drone 0 -> RETURNING
[13:37:25.503] Drone 0 -> REFILLING
[13:37:27.504] Drone 0 -> IDLE
[13:37:27.773] Drone 0 dispatched to zone 1 (MODERATE)
[13:37:32.684] Drone 0 -> ARRIVED
[13:37:32.684] Drone 0 reached zone 1
[13:37:32.685] Drone 0 -> DROPPING_AGENT
[13:37:36.685] Drone 0 -> COMPLETED
[13:37:36.686] Drone 0 -> RETURNING
[13:37:41.194] Drone 0 -> REFILLING
[13:37:43.195] Drone 0 -> IDLE
[13:37:43.195] Zone 1 extinguished by drone 0
[13:37:43.281] Drone 0 dispatched to zone 5 (LOW)
[13:37:48.346] Fire detected at zone 1 (LOW, remaining 10L)
[13:37:52.787] Fire detected at zone 2 (LOW, remaining 10L)
[13:38:01.018] Drone 0 -> ARRIVED
[13:38:01.019] Drone 0 reached zone 5
[13:38:01.019] Drone 0 -> DROPPING_AGENT
[13:38:05.019] Drone 0 -> COMPLETED
[13:38:05.020] Zone 5 extinguished by drone 0
[13:38:05.020] Fire detected at zone 5 (HIGH, remaining 30L)
[13:38:05.020] Drone 0 -> RETURNING
[13:40:18.117] === Simulation session started ===
[13:40:18.433] === Simulation session started ===
[13:40:21.135] Drone 0 registered on port 7000
[13:40:23.126] Fire detected at zone 2 (LOW, remaining 10L)
[13:40:23.131] Drone 0 dispatched to zone 2 (LOW)
[13:40:35.263] Fire detected at zone 1 (MODERATE, remaining 20L)
[13:40:36.264] Fire detected at zone 5 (LOW, remaining 10L)
[13:40:36.675] Drone 0 -> ARRIVED
[13:40:36.675] Drone 0 reached zone 2
[13:40:36.675] Drone 0 -> DROPPING_AGENT
[13:40:38.405] Fire detected at zone 3 (MODERATE, remaining 20L)
[13:40:39.706] Fire detected at zone 4 (MODERATE, remaining 20L)
[13:40:40.675] Drone 0 -> COMPLETED
[13:40:40.676] Zone 2 extinguished by drone 0
[13:40:40.676] Drone 0 -> RETURNING
[13:40:53.006] Drone 0 -> REFILLING
[13:40:55.009] Drone 0 -> IDLE
[13:40:55.274] Drone 0 dispatched to zone 1 (MODERATE)
[13:41:00.187] Drone 0 -> ARRIVED
[13:41:00.187] Drone 0 reached zone 1
[13:41:00.187] Drone 0 -> DROPPING_AGENT
[13:41:19.556] === Simulation session started ===
[13:41:19.862] === Simulation session started ===
[13:41:22.565] Drone 0 registered on port 7000
[13:41:24.564] Fire detected at zone 2 (LOW, remaining 10L)
[13:41:24.568] Drone 0 dispatched to zone 2 (LOW)
[13:41:36.702] Fire detected at zone 1 (MODERATE, remaining 20L)
[13:41:37.703] Fire detected at zone 5 (LOW, remaining 10L)
[13:41:38.111] Drone 0 -> ARRIVED
[13:41:38.111] Drone 0 reached zone 2
[13:41:38.111] Drone 0 -> DROPPING_AGENT
[13:41:39.843] Fire detected at zone 3 (MODERATE, remaining 20L)
[13:41:41.144] Fire detected at zone 4 (MODERATE, remaining 20L)
[13:41:42.111] Drone 0 -> COMPLETED
[13:41:42.112] Zone 2 extinguished by drone 0
[13:41:42.112] Drone 0 -> RETURNING
[13:41:54.442] Drone 0 -> REFILLING
[13:41:56.444] Drone 0 -> IDLE
[13:41:56.712] Drone 0 dispatched to zone 1 (MODERATE)
[13:42:01.624] Drone 0 -> ARRIVED
[13:42:01.624] Drone 0 reached zone 1
[13:42:01.624] Drone 0 -> DROPPING_AGENT
[13:42:05.625] Drone 0 -> COMPLETED
[13:42:05.626] Drone 0 -> RETURNING
[13:42:10.135] Drone 0 -> REFILLING
[13:42:12.136] Drone 0 -> IDLE
[13:42:12.136] Zone 1 extinguished by drone 0
[13:42:12.220] Drone 0 dispatched to zone 5 (LOW)
[13:42:17.285] Fire detected at zone 1 (LOW, remaining 10L)
[13:42:21.726] Fire detected at zone 2 (LOW, remaining 10L)
[13:42:29.954] Drone 0 -> ARRIVED
[13:42:29.954] Drone 0 reached zone 5
[13:42:29.954] Drone 0 -> DROPPING_AGENT
[13:42:33.955] Drone 0 -> COMPLETED
[13:42:33.955] Zone 5 extinguished by drone 0
[13:42:33.955] Fire detected at zone 5 (HIGH, remaining 30L)
[13:42:33.955] Drone 0 -> RETURNING
[13:44:49.280] === Simulation session started ===
[13:44:49.872] === Simulation session started ===
[13:44:52.307] Drone 0 registered on port 7000
[13:44:54.315] Fire detected at zone 2 (LOW, remaining 10L)
[13:44:54.323] Drone 0 dispatched to zone 2 (LOW)
[13:45:06.453] Fire detected at zone 1 (MODERATE, remaining 20L)
[13:45:07.453] Fire detected at zone 5 (LOW, remaining 10L)
[13:45:07.869] Drone 0 -> ARRIVED
[13:45:07.869] Drone 0 reached zone 2
[13:45:07.869] Drone 0 -> DROPPING_AGENT
[13:45:09.594] Fire detected at zone 3 (MODERATE, remaining 20L)
[13:45:10.895] Fire detected at zone 4 (MODERATE, remaining 20L)
[13:45:11.870] Drone 0 -> COMPLETED
[13:45:11.871] Zone 2 extinguished by drone 0
[13:45:11.871] Drone 0 -> RETURNING
[13:45:24.199] Drone 0 -> REFILLING
[13:45:26.200] Drone 0 -> IDLE
[13:45:26.464] Drone 0 dispatched to zone 1 (MODERATE)
[13:45:31.376] Drone 0 -> ARRIVED
[13:45:31.376] Drone 0 reached zone 1
[13:45:31.376] Drone 0 -> DROPPING_AGENT
[13:45:35.377] Drone 0 -> COMPLETED
[13:45:35.378] Drone 0 -> RETURNING
[13:45:39.886] Drone 0 -> REFILLING
[13:45:41.886] Drone 0 -> IDLE
[13:45:41.887] Zone 1 extinguished by drone 0
[13:45:41.972] Drone 0 dispatched to zone 5 (LOW)
[13:45:47.036] Fire detected at zone 1 (LOW, remaining 10L)
[13:45:51.477] Fire detected at zone 2 (LOW, remaining 10L)
[13:46:34.762] === Simulation session started ===
[13:46:35.131] === Simulation session started ===
[13:46:37.826] Drone 0 registered on port 7000
[13:46:39.864] Fire detected at zone 2 (LOW, remaining 10L)
[13:46:39.869] Drone 0 dispatched to zone 2 (LOW)
[13:46:52.002] Fire detected at zone 1 (MODERATE, remaining 20L)
[13:46:53.002] Fire detected at zone 5 (LOW, remaining 10L)
[13:46:53.412] Drone 0 -> ARRIVED
[13:46:53.412] Drone 0 reached zone 2
[13:46:53.412] Drone 0 -> DROPPING_AGENT
[13:46:55.143] Fire detected at zone 3 (MODERATE, remaining 20L)
[13:46:56.444] Fire detected at zone 4 (MODERATE, remaining 20L)
[13:46:57.413] Drone 0 -> COMPLETED
[13:46:57.413] Zone 2 extinguished by drone 0
[13:46:57.414] Drone 0 -> RETURNING
[13:47:09.741] Drone 0 -> REFILLING
[13:47:11.743] Drone 0 -> IDLE
[13:47:12.013] Drone 0 dispatched to zone 1 (MODERATE)
[13:47:16.925] Drone 0 -> ARRIVED
[13:47:16.925] Drone 0 reached zone 1
[13:47:16.925] Drone 0 -> DROPPING_AGENT
[13:47:20.926] Drone 0 -> COMPLETED
[13:47:20.927] Drone 0 -> RETURNING
[13:47:25.435] Drone 0 -> REFILLING
[13:47:27.436] Drone 0 -> IDLE
[13:47:27.520] Drone 0 dispatched to zone 5 (LOW)
[13:47:37.026] Fire detected at zone 2 (LOW, remaining 10L)
[13:49:55.968] === Simulation session started ===
[13:49:56.273] === Simulation session started ===
[13:49:59.000] Drone 0 registered on port 7000
[13:50:00.974] Fire detected at zone 2 (LOW, remaining 10L)
[13:50:00.978] Drone 0 dispatched to zone 2 (LOW)
[13:50:13.112] Fire detected at zone 1 (MODERATE, remaining 20L)
[13:50:14.112] Fire detected at zone 5 (LOW, remaining 10L)
[13:50:14.522] Drone 0 -> ARRIVED
[13:50:14.522] Drone 0 reached zone 2
[13:50:14.522] Drone 0 -> DROPPING_AGENT
[13:50:16.253] Fire detected at zone 3 (MODERATE, remaining 20L)
[13:50:17.554] Fire detected at zone 4 (MODERATE, remaining 20L)
[13:50:18.523] Drone 0 -> COMPLETED
[13:50:18.523] Zone 2 extinguished by drone 0
[13:50:18.524] Drone 0 -> RETURNING
[13:50:30.852] Drone 0 -> REFILLING
[13:50:32.854] Drone 0 -> IDLE
[13:50:33.121] Drone 0 dispatched to zone 1 (MODERATE)
[13:50:38.034] Drone 0 -> ARRIVED
[13:50:38.034] Drone 0 reached zone 1
[13:50:38.034] Drone 0 -> DROPPING_AGENT
[13:50:42.035] Drone 0 -> COMPLETED
[13:50:42.036] Drone 0 -> RETURNING
[13:50:46.546] Drone 0 -> REFILLING
[13:50:48.547] Drone 0 -> IDLE
[13:50:48.629] Drone 0 dispatched to zone 5 (LOW)
[13:50:58.136] Fire detected at zone 2 (LOW, remaining 10L)
[13:51:06.365] Drone 0 -> ARRIVED
[13:51:06.366] Drone 0 reached zone 5
[13:51:06.366] Drone 0 -> DROPPING_AGENT
[13:51:10.366] Drone 0 -> COMPLETED
[13:51:10.366] Zone 5 extinguished by drone 0
[13:51:10.366] Fire detected at zone 5 (HIGH, remaining 30L)
[13:51:10.367] Drone 0 -> RETURNING
[13:51:27.297] Drone 0 -> REFILLING
[13:51:29.298] Drone 0 -> IDLE
[13:51:30.145] Drone 0 dispatched to zone 3 (MODERATE)
[13:51:51.316] === Simulation session started ===
[13:51:51.623] === Simulation session started ===
[13:51:54.330] Drone 17 registered on port 7017
[13:51:54.331] Drone 8 registered on port 7008
[13:51:54.331] Drone 12 registered on port 7012
[13:51:54.331] Drone 14 registered on port 7014
[13:51:54.331] Drone 10 registered on port 7010
[13:51:54.332] Drone 7 registered on port 7007
[13:51:54.332] Drone 3 registered on port 7003
[13:51:54.332] Drone 6 registered on port 7006
[13:51:54.332] Drone 18 registered on port 7018
[13:51:54.332] Drone 5 registered on port 7005
[13:51:54.333] Drone 2 registered on port 7002
[13:51:54.333] Drone 0 registered on port 7000
[13:51:54.333] Drone 1 registered on port 7001
[13:51:54.333] Drone 11 registered on port 7011
[13:51:54.333] Drone 15 registered on port 7015
[13:51:54.334] Drone 9 registered on port 7009
[13:51:54.334] Drone 16 registered on port 7016
[13:51:54.334] Drone 4 registered on port 7004
[13:51:54.334] Drone 13 registered on port 7013
[13:51:54.334] Drone 19 registered on port 7019
[13:51:56.323] Fire detected at zone 2 (LOW, remaining 10L)
[13:51:56.328] Drone 0 dispatched to zone 2 (LOW)
[13:52:08.461] Fire detected at zone 1 (MODERATE, remaining 20L)
[13:52:08.461] Drone 1 dispatched to zone 1 (MODERATE)
[13:52:09.461] Fire detected at zone 5 (LOW, remaining 10L)
[13:52:09.462] Drone 2 dispatched to zone 5 (LOW)
[13:52:09.871] Drone 0 -> ARRIVED
[13:52:09.871] Drone 0 reached zone 2
[13:52:09.871] Drone 0 -> DROPPING_AGENT
[13:52:11.602] Fire detected at zone 3 (MODERATE, remaining 20L)
[13:52:11.603] Drone 3 dispatched to zone 3 (MODERATE)
[13:52:12.903] Fire detected at zone 4 (MODERATE, remaining 20L)
[13:52:12.904] Drone 4 dispatched to zone 4 (MODERATE)
[13:52:13.374] Drone 1 -> ARRIVED
[13:52:13.374] Drone 1 reached zone 1
[13:52:13.374] Drone 1 -> DROPPING_AGENT
[13:52:13.872] Drone 0 -> COMPLETED
[13:52:13.872] Zone 2 extinguished by drone 0
[13:52:13.872] Drone 0 -> RETURNING
[13:52:17.375] Drone 1 -> COMPLETED
[13:52:17.376] Drone 1 -> RETURNING
[13:52:21.884] Drone 1 -> REFILLING
[13:52:22.221] Drone 3 -> ARRIVED
[13:52:22.221] Drone 3 reached zone 3
[13:52:22.221] Drone 3 -> DROPPING_AGENT
[13:52:23.885] Drone 1 -> IDLE
[13:52:24.129] Drone 5 dispatched to zone 1 (MODERATE)
[13:52:26.191] Drone 0 -> REFILLING
[13:52:26.222] Drone 3 -> COMPLETED
[13:52:26.222] Drone 3 -> RETURNING
[13:52:27.194] Drone 2 -> ARRIVED
[13:52:27.194] Drone 2 reached zone 5
[13:52:27.194] Drone 2 -> DROPPING_AGENT
[13:52:28.192] Drone 0 -> IDLE
[13:52:29.038] Drone 5 -> ARRIVED
[13:52:29.038] Drone 5 reached zone 1
[13:52:29.038] Drone 5 -> DROPPING_AGENT
[13:52:29.230] Drone 4 -> ARRIVED
[13:52:29.230] Drone 4 reached zone 4
[13:52:29.230] Drone 4 -> DROPPING_AGENT
[13:52:31.195] Drone 2 -> COMPLETED
[13:52:31.195] Zone 5 extinguished by drone 2
[13:52:31.195] Drone 2 -> RETURNING
[13:52:33.039] Drone 5 -> COMPLETED
[13:52:33.039] Zone 1 extinguished by drone 5
[13:52:33.039] Drone 5 -> RETURNING
[13:52:33.231] Drone 4 -> COMPLETED
[13:52:33.231] Drone 4 -> RETURNING
[13:52:36.340] Drone 3 -> REFILLING
[13:52:37.544] Drone 5 -> REFILLING
[13:52:38.341] Drone 3 -> IDLE
[13:52:38.480] Drone 6 dispatched to zone 3 (MODERATE)
[13:52:39.545] Drone 5 -> IDLE
[13:52:48.122] Drone 2 -> REFILLING
[13:52:48.859] Drone 4 -> REFILLING
[13:52:49.044] Fire detected at zone 1 (LOW, remaining 10L)
[13:52:49.102] Drone 6 -> ARRIVED
[13:52:49.102] Drone 6 reached zone 3
[13:52:49.102] Drone 6 -> DROPPING_AGENT
[13:52:50.123] Drone 2 -> IDLE
[13:52:50.860] Drone 4 -> IDLE
[13:52:50.988] Drone 7 dispatched to zone 4 (MODERATE)
[13:52:51.489] Drone 8 dispatched to zone 1 (LOW)
[13:52:53.102] Drone 6 -> COMPLETED
[13:52:53.103] Zone 3 extinguished by drone 6
[13:52:53.103] Drone 6 -> RETURNING
[13:52:53.485] Fire detected at zone 2 (LOW, remaining 10L)
[13:52:53.485] Drone 9 dispatched to zone 2 (LOW)
[13:52:56.398] Drone 8 -> ARRIVED
[13:52:56.398] Drone 8 reached zone 1
[13:52:56.398] Drone 8 -> DROPPING_AGENT
[13:52:59.246] Fire detected at zone 5 (HIGH, remaining 30L)
[13:52:59.246] Drone 10 dispatched to zone 5 (HIGH)
[13:53:00.399] Drone 8 -> COMPLETED
[13:53:00.399] Zone 1 extinguished by drone 8
[13:53:00.399] Drone 8 -> RETURNING
[13:53:03.217] Drone 6 -> REFILLING
[13:53:04.904] Drone 8 -> REFILLING
[13:53:05.047] Fire detected at zone 3 (HIGH, remaining 30L)
[13:53:05.218] Drone 6 -> IDLE
[13:53:05.297] Drone 10 dispatched to zone 3 (HIGH)
[13:53:05.798] Drone 11 dispatched to zone 5 (HIGH)
[13:53:06.905] Drone 8 -> IDLE
[13:53:07.008] Drone 9 -> ARRIVED
[13:53:07.008] Drone 9 reached zone 2
[13:53:07.008] Drone 9 -> DROPPING_AGENT
[13:53:07.311] Drone 7 -> ARRIVED
[13:53:07.311] Drone 7 reached zone 4
[13:53:07.311] Drone 7 -> DROPPING_AGENT
[13:53:11.008] Drone 9 -> COMPLETED
[13:53:11.008] Zone 2 extinguished by drone 9
[13:53:11.008] Drone 9 -> RETURNING
[13:53:11.312] Drone 7 -> COMPLETED
[13:53:11.312] Zone 4 extinguished by drone 7
[13:53:11.312] Fire detected at zone 4 (HIGH, remaining 30L)
[13:53:11.312] Drone 7 -> RETURNING
[13:53:16.979] Drone 10 -> ARRIVED
[13:53:16.979] Drone 10 reached zone 3
[13:53:16.979] Drone 10 -> DROPPING_AGENT
[13:53:20.980] Drone 10 -> COMPLETED
[13:53:20.980] Drone 10 -> RETURNING
[13:53:23.329] Drone 9 -> REFILLING
[13:53:23.528] Fire detected at zone 1 (LOW, remaining 10L)
[13:53:23.529] Drone 11 -> ARRIVED
[13:53:23.529] Drone 11 reached zone 5
[13:53:23.529] Drone 11 -> DROPPING_AGENT
[13:53:25.329] Drone 9 -> IDLE
[13:53:26.934] Drone 7 -> REFILLING
[13:53:27.530] Drone 11 -> COMPLETED
[13:53:27.530] Drone 11 -> RETURNING
[13:53:28.935] Drone 7 -> IDLE
[13:53:29.072] Drone 12 dispatched to zone 4 (HIGH)
[13:53:29.573] Drone 13 dispatched to zone 1 (LOW)
[13:53:34.482] Drone 13 -> ARRIVED
[13:53:34.482] Drone 13 reached zone 1
[13:53:34.482] Drone 13 -> DROPPING_AGENT
[13:53:37.906] Drone 10 -> REFILLING
[13:53:38.483] Drone 13 -> COMPLETED
[13:53:38.483] Zone 1 extinguished by drone 13
[13:53:38.483] Drone 13 -> RETURNING
[13:53:39.907] Drone 10 -> IDLE
[13:56:25.534] === Simulation session started ===
[13:56:25.849] === Simulation session started ===
[13:56:28.551] Drone 0 registered on port 7000
[13:56:30.551] Fire detected at zone 2 (LOW, remaining 10L)
[13:56:30.558] Drone 0 dispatched to zone 2 (LOW)
[13:56:42.689] Fire detected at zone 1 (MODERATE, remaining 20L)
[13:56:43.690] Fire detected at zone 5 (LOW, remaining 10L)
[13:56:44.105] Drone 0 -> ARRIVED
[13:56:44.105] Drone 0 reached zone 2
[13:56:44.105] Drone 0 -> DROPPING_AGENT
[13:56:45.831] Fire detected at zone 3 (MODERATE, remaining 20L)
[13:56:47.132] Fire detected at zone 4 (MODERATE, remaining 20L)
[13:56:48.106] Drone 0 -> COMPLETED
[13:56:48.106] Zone 2 extinguished by drone 0
[13:56:48.107] Drone 0 -> RETURNING
[13:57:00.437] Drone 0 -> REFILLING
[13:57:02.439] Drone 0 -> IDLE
[13:57:02.700] Drone 0 dispatched to zone 1 (MODERATE)
[13:57:07.613] Drone 0 -> ARRIVED
[13:57:07.613] Drone 0 reached zone 1
[13:57:07.613] Drone 0 -> DROPPING_AGENT
[13:57:11.614] Drone 0 -> COMPLETED
[13:57:11.616] Drone 0 -> RETURNING
[13:57:16.124] Drone 0 -> REFILLING
[13:57:18.125] Drone 0 -> IDLE
[13:57:18.209] Drone 0 dispatched to zone 5 (LOW)
[13:57:27.713] Fire detected at zone 2 (LOW, remaining 10L)
[13:57:57.583] === Simulation session started ===
[13:57:57.887] === Simulation session started ===
[13:58:00.600] Drone 0 registered on port 7000
[13:58:00.601] Drone 14 registered on port 7014
[13:58:00.601] Drone 13 registered on port 7013
[13:58:00.601] Drone 3 registered on port 7003
[13:58:00.601] Drone 18 registered on port 7018
[13:58:00.602] Drone 9 registered on port 7009
[13:58:00.602] Drone 17 registered on port 7017
[13:58:00.602] Drone 5 registered on port 7005
[13:58:00.602] Drone 12 registered on port 7012
[13:58:00.602] Drone 10 registered on port 7010
[13:58:00.603] Drone 19 registered on port 7019
[13:58:00.603] Drone 4 registered on port 7004
[13:58:00.603] Drone 6 registered on port 7006
[13:58:00.603] Drone 11 registered on port 7011
[13:58:00.603] Drone 8 registered on port 7008
[13:58:00.604] Drone 7 registered on port 7007
[13:58:00.604] Drone 1 registered on port 7001
[13:58:00.604] Drone 2 registered on port 7002
[13:58:00.604] Drone 16 registered on port 7016
[13:58:00.605] Drone 15 registered on port 7015
[13:58:02.588] Fire detected at zone 2 (LOW, remaining 10L)
[13:58:02.593] Drone 0 dispatched to zone 2 (LOW)
[13:58:14.726] Fire detected at zone 1 (MODERATE, remaining 20L)
[13:58:14.727] Drone 1 dispatched to zone 1 (MODERATE)
[13:58:15.727] Fire detected at zone 5 (LOW, remaining 10L)
[13:58:15.728] Drone 2 dispatched to zone 5 (LOW)
[13:58:16.136] Drone 0 -> ARRIVED
[13:58:16.136] Drone 0 reached zone 2
[13:58:16.136] Drone 0 -> DROPPING_AGENT
[13:58:17.868] Fire detected at zone 3 (MODERATE, remaining 20L)
[13:58:17.868] Drone 3 dispatched to zone 3 (MODERATE)
[13:58:19.169] Fire detected at zone 4 (MODERATE, remaining 20L)
[13:58:19.169] Drone 4 dispatched to zone 4 (MODERATE)
[13:58:19.639] Drone 1 -> ARRIVED
[13:58:19.639] Drone 1 reached zone 1
[13:58:19.639] Drone 1 -> DROPPING_AGENT
[13:58:20.137] Drone 0 -> COMPLETED
[13:58:20.137] Zone 2 extinguished by drone 0
[13:58:20.137] Drone 0 -> RETURNING
[13:58:23.639] Drone 1 -> COMPLETED
[13:58:23.640] Drone 4 dispatched to zone 1 (MODERATE)
[13:58:23.640] Drone 1 -> RETURNING
[13:58:24.140] Drone 5 dispatched to zone 4 (MODERATE)
[13:58:28.147] Drone 1 -> REFILLING
[13:58:28.487] Drone 3 -> ARRIVED
[13:58:28.488] Drone 3 reached zone 3
[13:58:28.488] Drone 3 -> DROPPING_AGENT
[13:58:30.148] Drone 1 -> IDLE
[13:58:32.454] Drone 0 -> REFILLING
[13:58:32.488] Drone 3 -> COMPLETED
[13:58:32.489] Drone 3 -> RETURNING
[13:58:32.489] Drone 6 dispatched to zone 3 (MODERATE)
[13:58:33.456] Drone 2 -> ARRIVED
[13:58:33.456] Drone 2 reached zone 5
[13:58:33.456] Drone 2 -> DROPPING_AGENT
[13:58:34.456] Drone 0 -> IDLE
[13:58:35.497] Drone 4 -> ARRIVED
[13:58:35.497] Drone 4 reached zone 1
[13:58:35.497] Drone 4 -> DROPPING_AGENT
[13:58:37.457] Drone 2 -> COMPLETED
[13:58:37.457] Zone 5 extinguished by drone 2
[13:58:37.457] Drone 2 -> RETURNING
[13:58:39.498] Drone 4 -> COMPLETED
[13:58:39.498] Drone 4 -> RETURNING
[13:58:40.469] Drone 5 -> ARRIVED
[13:58:40.469] Drone 5 reached zone 4
[13:58:40.469] Drone 5 -> DROPPING_AGENT
[13:58:42.605] Drone 3 -> REFILLING
[13:58:43.106] Drone 6 -> ARRIVED
[13:58:43.106] Drone 6 reached zone 3
[13:58:43.106] Drone 6 -> DROPPING_AGENT
[13:58:44.470] Drone 5 -> COMPLETED
[13:58:44.470] Drone 5 -> RETURNING
[13:58:44.470] Drone 7 dispatched to zone 4 (MODERATE)
[13:58:44.606] Drone 3 -> IDLE
[13:59:46.726] === Simulation session started ===
[13:59:47.052] === Simulation session started ===
[13:59:49.773] Drone 4 registered on port 7004
[13:59:49.773] Drone 0 registered on port 7000
[13:59:49.774] Drone 7 registered on port 7007
[13:59:49.774] Drone 2 registered on port 7002
[13:59:49.774] Drone 11 registered on port 7011
[13:59:49.774] Drone 8 registered on port 7008
[13:59:49.775] Drone 17 registered on port 7017
[13:59:49.775] Drone 14 registered on port 7014
[13:59:49.775] Drone 15 registered on port 7015
[13:59:49.776] Drone 10 registered on port 7010
[13:59:49.776] Drone 13 registered on port 7013
[13:59:49.776] Drone 5 registered on port 7005
[13:59:49.776] Drone 3 registered on port 7003
[13:59:49.777] Drone 16 registered on port 7016
[13:59:49.777] Drone 9 registered on port 7009
[13:59:49.777] Drone 12 registered on port 7012
[13:59:49.778] Drone 1 registered on port 7001
[13:59:49.778] Drone 6 registered on port 7006
[13:59:49.778] Drone 18 registered on port 7018
[13:59:49.779] Drone 19 registered on port 7019
[13:59:51.751] Fire detected at zone 2 (LOW, remaining 10L)
[13:59:51.756] Drone 0 dispatched to zone 2 (LOW)
[14:00:03.888] Fire detected at zone 1 (MODERATE, remaining 20L)
[14:00:03.889] Drone 1 dispatched to zone 1 (MODERATE)
[14:00:04.889] Fire detected at zone 5 (LOW, remaining 10L)
[14:00:04.889] Drone 2 dispatched to zone 5 (LOW)
[14:00:05.300] Drone 0 -> ARRIVED
[14:00:05.300] Drone 0 reached zone 2
[14:00:05.300] Drone 0 -> DROPPING_AGENT
[14:00:07.030] Fire detected at zone 3 (MODERATE, remaining 20L)
[14:00:07.030] Drone 3 dispatched to zone 3 (MODERATE)
[14:00:08.331] Fire detected at zone 4 (MODERATE, remaining 20L)
[14:00:08.331] Drone 4 dispatched to zone 4 (MODERATE)
[14:00:08.801] Drone 1 -> ARRIVED
[14:00:08.801] Drone 1 reached zone 1
[14:00:08.802] Drone 1 -> DROPPING_AGENT
[14:00:09.301] Drone 0 -> COMPLETED
[14:00:09.301] Zone 2 extinguished by drone 0
[14:00:09.302] Drone 0 -> RETURNING
[14:00:12.802] Drone 1 -> COMPLETED
[14:00:12.803] Drone 4 dispatched to zone 1 (MODERATE)
[14:00:12.804] Drone 1 -> RETURNING
[14:00:13.306] Drone 5 dispatched to zone 4 (MODERATE)
[14:00:17.310] Drone 1 -> REFILLING
[14:00:17.651] Drone 3 -> ARRIVED
[14:00:17.651] Drone 3 reached zone 3
[14:00:17.652] Drone 3 -> DROPPING_AGENT
[14:00:19.311] Drone 1 -> IDLE
[14:00:21.620] Drone 0 -> REFILLING
[14:00:21.652] Drone 3 -> COMPLETED
[14:00:21.652] Drone 3 -> RETURNING
[14:00:21.653] Drone 6 dispatched to zone 3 (MODERATE)
[14:00:22.622] Drone 2 -> ARRIVED
[14:00:22.622] Drone 2 reached zone 5
[14:00:22.622] Drone 2 -> DROPPING_AGENT
[14:00:23.621] Drone 0 -> IDLE
[14:00:24.663] Drone 4 -> ARRIVED
[14:00:24.664] Drone 4 reached zone 1
[14:00:24.664] Drone 4 -> DROPPING_AGENT
[14:00:26.623] Drone 2 -> COMPLETED
[14:00:26.623] Zone 5 extinguished by drone 2
[14:00:26.623] Drone 2 -> RETURNING
[14:00:28.664] Drone 4 -> COMPLETED
[14:00:28.665] Drone 4 -> RETURNING
[14:00:29.632] Drone 5 -> ARRIVED
[14:00:29.632] Drone 5 reached zone 4
[14:00:29.633] Drone 5 -> DROPPING_AGENT
[14:00:31.769] Drone 3 -> REFILLING
[14:00:32.270] Drone 6 -> ARRIVED
[14:00:32.270] Drone 6 reached zone 3
[14:00:32.270] Drone 6 -> DROPPING_AGENT
[14:00:33.633] Drone 5 -> COMPLETED
[14:00:33.634] Drone 5 -> RETURNING
[14:00:33.634] Drone 7 dispatched to zone 4 (MODERATE)
[14:00:33.770] Drone 3 -> IDLE
[14:00:36.271] Drone 6 -> COMPLETED
[14:00:36.271] Zone 3 extinguished by drone 6
[14:00:36.271] Drone 6 -> RETURNING
[14:00:43.549] Drone 2 -> REFILLING
[14:00:44.289] Drone 4 -> REFILLING
[14:00:45.550] Drone 2 -> IDLE
[14:00:46.289] Drone 4 -> IDLE
[14:00:46.387] Drone 6 -> REFILLING
[14:00:48.388] Drone 6 -> IDLE
[14:00:48.913] Fire detected at zone 2 (LOW, remaining 10L)
[14:00:48.913] Drone 8 dispatched to zone 2 (LOW)
[14:00:49.258] Drone 5 -> REFILLING
[14:00:49.960] Drone 7 -> ARRIVED
[14:00:49.960] Drone 7 reached zone 4
[14:00:49.960] Drone 7 -> DROPPING_AGENT
[14:00:51.259] Drone 5 -> IDLE
[14:00:53.961] Drone 7 -> COMPLETED
[14:00:53.961] Zone 4 extinguished by drone 7
[14:00:53.961] Drone 7 -> RETURNING
[14:00:54.493] Fire detected at zone 4 (HIGH, remaining 30L)
[14:00:54.494] Drone 9 dispatched to zone 4 (HIGH)
[14:00:54.674] Fire detected at zone 5 (HIGH, remaining 30L)
[14:00:54.995] Drone 10 dispatched to zone 5 (HIGH)
[14:03:53.904] === Simulation session started ===
[14:03:54.220] === Simulation session started ===
[14:03:56.928] Drone 5 registered on port 7005
[14:03:56.929] Drone 9 registered on port 7009
[14:03:56.929] Drone 11 registered on port 7011
[14:03:56.929] Drone 1 registered on port 7001
[14:03:56.930] Drone 6 registered on port 7006
[14:03:56.930] Drone 10 registered on port 7010
[14:03:56.930] Drone 18 registered on port 7018
[14:03:56.930] Drone 8 registered on port 7008
[14:03:56.931] Drone 16 registered on port 7016
[14:03:56.931] Drone 12 registered on port 7012
[14:03:56.931] Drone 17 registered on port 7017
[14:03:56.931] Drone 3 registered on port 7003
[14:03:56.932] Drone 0 registered on port 7000
[14:03:56.932] Drone 4 registered on port 7004
[14:03:56.932] Drone 14 registered on port 7014
[14:03:56.932] Drone 2 registered on port 7002
[14:03:56.932] Drone 15 registered on port 7015
[14:03:56.933] Drone 13 registered on port 7013
[14:03:56.933] Drone 7 registered on port 7007
[14:03:56.933] Drone 19 registered on port 7019
[14:03:58.931] Fire detected at zone 2 (LOW, remaining 10L)
[14:03:58.936] Drone 0 dispatched to zone 2 (LOW)
[14:04:11.069] Fire detected at zone 1 (MODERATE, remaining 20L)
[14:04:11.070] Drone 1 dispatched to zone 1 (MODERATE)
[14:04:12.070] Fire detected at zone 5 (LOW, remaining 10L)
[14:04:12.070] Drone 2 dispatched to zone 5 (LOW)
[14:04:12.480] Drone 0 -> ARRIVED
[14:04:12.480] Drone 0 reached zone 2
[14:04:12.480] Drone 0 -> DROPPING_AGENT
[14:04:14.210] Fire detected at zone 3 (MODERATE, remaining 20L)
[14:04:14.211] Drone 3 dispatched to zone 3 (MODERATE)
[14:04:15.511] Fire detected at zone 4 (MODERATE, remaining 20L)
[14:04:15.512] Drone 4 dispatched to zone 4 (MODERATE)
[14:04:15.982] Drone 1 -> ARRIVED
[14:04:15.982] Drone 1 reached zone 1
[14:04:15.982] Drone 1 -> DROPPING_AGENT
[14:04:16.481] Drone 0 -> COMPLETED
[14:04:16.481] Zone 2 extinguished by drone 0
[14:04:16.482] Drone 0 -> RETURNING
[14:04:19.983] Drone 1 -> COMPLETED
[14:04:19.984] Drone 1 -> RETURNING
[14:04:19.985] Drone 4 dispatched to zone 1 (MODERATE)
[14:04:20.486] Drone 5 dispatched to zone 4 (MODERATE)
[14:04:22.527] Drone 4 -> ARRIVED
[14:04:22.527] Drone 4 reached zone 1
[14:04:22.527] Drone 4 -> DROPPING_AGENT
[14:04:24.491] Drone 1 -> REFILLING
[14:04:24.831] Drone 3 -> ARRIVED
[14:04:24.831] Drone 3 reached zone 3
[14:04:24.831] Drone 3 -> DROPPING_AGENT
[14:04:26.492] Drone 1 -> IDLE
[14:04:26.528] Drone 4 -> COMPLETED
[14:04:26.528] Zone 1 extinguished by drone 4
[14:04:26.529] Drone 4 -> RETURNING
[14:04:28.802] Drone 0 -> REFILLING
[14:04:28.832] Drone 3 -> COMPLETED
[14:04:28.832] Drone 3 -> RETURNING
[14:04:28.833] Drone 6 dispatched to zone 3 (MODERATE)
[14:04:29.804] Drone 2 -> ARRIVED
[14:04:29.804] Drone 2 reached zone 5
[14:04:29.804] Drone 2 -> DROPPING_AGENT
[14:04:30.803] Drone 0 -> IDLE
[14:04:31.036] Drone 4 -> REFILLING
[14:04:33.037] Drone 4 -> IDLE
[14:04:33.805] Drone 2 -> COMPLETED
[14:04:33.805] Zone 5 extinguished by drone 2
[14:04:33.805] Drone 2 -> RETURNING
[14:04:36.816] Drone 5 -> ARRIVED
[14:04:36.816] Drone 5 reached zone 4
[14:04:36.816] Drone 5 -> DROPPING_AGENT
[14:04:38.948] Drone 3 -> REFILLING
[14:04:39.449] Drone 6 -> ARRIVED
[14:04:39.449] Drone 6 reached zone 3
[14:04:39.449] Drone 6 -> DROPPING_AGENT
[14:04:40.817] Drone 5 -> COMPLETED
[14:04:40.817] Drone 5 -> RETURNING
[14:04:40.818] Drone 7 dispatched to zone 4 (MODERATE)
[14:04:40.949] Drone 3 -> IDLE
[14:04:43.450] Drone 6 -> COMPLETED
[14:04:43.450] Zone 3 extinguished by drone 6
[14:04:43.450] Drone 6 -> RETURNING
[14:04:50.734] Drone 2 -> REFILLING
[14:04:51.652] Fire detected at zone 1 (LOW, remaining 10L)
[14:04:51.653] Drone 8 dispatched to zone 1 (LOW)
[14:04:52.734] Drone 2 -> IDLE
[14:04:53.568] Drone 6 -> REFILLING
[14:04:55.569] Drone 6 -> IDLE
[14:04:56.093] Fire detected at zone 2 (LOW, remaining 10L)
[14:04:56.093] Drone 9 dispatched to zone 2 (LOW)
[14:04:56.443] Drone 5 -> REFILLING
[14:04:56.561] Drone 8 -> ARRIVED
[14:04:56.561] Drone 8 reached zone 1
[14:04:56.561] Drone 8 -> DROPPING_AGENT
[14:04:57.144] Drone 7 -> ARRIVED
[14:04:57.144] Drone 7 reached zone 4
[14:04:57.144] Drone 7 -> DROPPING_AGENT
[14:04:58.443] Drone 5 -> IDLE
[14:05:00.562] Drone 8 -> COMPLETED
[14:05:00.562] Zone 1 extinguished by drone 8
[14:05:00.562] Drone 8 -> RETURNING
[14:05:01.145] Drone 7 -> COMPLETED
[14:05:01.145] Zone 4 extinguished by drone 7
[14:05:01.145] Drone 7 -> RETURNING
[14:05:01.674] Fire detected at zone 4 (HIGH, remaining 30L)
[14:05:01.674] Drone 10 dispatched to zone 4 (HIGH)
[14:05:01.854] Fire detected at zone 5 (HIGH, remaining 30L)
[14:05:02.175] Drone 11 dispatched to zone 5 (HIGH)
[14:07:17.215] === Simulation session started ===
[14:07:17.517] === Simulation session started ===
[14:07:20.236] Drone 16 registered on port 7016
[14:07:20.236] Drone 6 registered on port 7006
[14:07:20.237] Drone 8 registered on port 7008
[14:07:20.237] Drone 0 registered on port 7000
[14:07:20.238] Drone 9 registered on port 7009
[14:07:20.238] Drone 14 registered on port 7014
[14:07:20.239] Drone 1 registered on port 7001
[14:07:20.239] Drone 7 registered on port 7007
[14:07:20.239] Drone 15 registered on port 7015
[14:07:20.240] Drone 10 registered on port 7010
[14:07:20.240] Drone 12 registered on port 7012
[14:07:20.241] Drone 4 registered on port 7004
[14:07:20.241] Drone 5 registered on port 7005
[14:07:20.241] Drone 13 registered on port 7013
[14:07:20.242] Drone 11 registered on port 7011
[14:07:20.242] Drone 2 registered on port 7002
[14:07:20.243] Drone 3 registered on port 7003
[14:07:20.243] Drone 17 registered on port 7017
[14:07:20.243] Drone 18 registered on port 7018
[14:07:20.244] Drone 19 registered on port 7019
[14:07:22.248] Fire detected at zone 2 (LOW, remaining 10L)
[14:07:22.256] Drone 0 dispatched to zone 2 (LOW)
[14:07:34.386] Fire detected at zone 1 (MODERATE, remaining 20L)
[14:07:34.387] Drone 1 dispatched to zone 1 (MODERATE)
[14:07:35.387] Fire detected at zone 5 (LOW, remaining 10L)
[14:07:35.387] Drone 2 dispatched to zone 5 (LOW)
[14:07:35.800] Drone 0 -> ARRIVED
[14:07:35.800] Drone 0 reached zone 2
[14:07:35.801] Drone 0 -> DROPPING_AGENT
[14:07:37.527] Fire detected at zone 3 (MODERATE, remaining 20L)
[14:07:37.528] Drone 3 dispatched to zone 3 (MODERATE)
[14:07:38.828] Fire detected at zone 4 (MODERATE, remaining 20L)
[14:07:38.829] Drone 4 dispatched to zone 4 (MODERATE)
[14:07:39.298] Drone 1 -> ARRIVED
[14:07:39.298] Drone 1 reached zone 1
[14:07:39.299] Drone 1 -> DROPPING_AGENT
[14:07:39.801] Drone 0 -> COMPLETED
[14:07:39.802] Zone 2 extinguished by drone 0
[14:07:39.802] Drone 0 -> RETURNING
[14:07:43.299] Drone 1 -> COMPLETED
[14:07:43.300] Drone 1 -> RETURNING
[14:07:43.301] Drone 4 dispatched to zone 1 (MODERATE)
[14:07:43.801] Drone 5 dispatched to zone 4 (MODERATE)
[14:07:45.844] Drone 4 -> ARRIVED
[14:07:45.844] Drone 4 reached zone 1
[14:07:45.844] Drone 4 -> DROPPING_AGENT
[14:07:47.807] Drone 1 -> REFILLING
[14:07:48.148] Drone 3 -> ARRIVED
[14:07:48.148] Drone 3 reached zone 3
[14:07:48.148] Drone 3 -> DROPPING_AGENT
[14:07:49.809] Drone 1 -> IDLE
[14:07:49.846] Drone 4 -> COMPLETED
[14:07:49.846] Zone 1 extinguished by drone 4
[14:07:49.847] Drone 4 -> RETURNING
[14:07:52.121] Drone 0 -> REFILLING
[14:07:52.149] Drone 3 -> COMPLETED
[14:07:52.149] Drone 3 -> RETURNING
[14:07:52.149] Drone 6 dispatched to zone 3 (MODERATE)
[14:07:53.122] Drone 2 -> ARRIVED
[14:07:53.122] Drone 2 reached zone 5
[14:07:53.122] Drone 2 -> DROPPING_AGENT
[14:07:58.642] === Simulation session started ===
[14:07:58.929] === Simulation session started ===
[14:08:01.644] Drone 8 registered on port 7008
[14:08:01.644] Drone 13 registered on port 7013
[14:08:01.645] Drone 7 registered on port 7007
[14:08:01.645] Drone 11 registered on port 7011
[14:08:01.645] Drone 3 registered on port 7003
[14:08:01.645] Drone 17 registered on port 7017
[14:08:01.646] Drone 0 registered on port 7000
[14:08:01.646] Drone 2 registered on port 7002
[14:08:01.646] Drone 19 registered on port 7019
[14:08:01.647] Drone 16 registered on port 7016
[14:08:01.647] Drone 6 registered on port 7006
[14:08:01.647] Drone 1 registered on port 7001
[14:08:01.648] Drone 5 registered on port 7005
[14:08:01.648] Drone 9 registered on port 7009
[14:08:01.648] Drone 18 registered on port 7018
[14:08:01.649] Drone 4 registered on port 7004
[14:08:01.649] Drone 10 registered on port 7010
[14:08:01.649] Drone 12 registered on port 7012
[14:08:01.649] Drone 15 registered on port 7015
[14:08:01.650] Drone 14 registered on port 7014
[14:08:03.641] Fire detected at zone 2 (LOW, remaining 10L)
[14:08:03.646] Drone 0 dispatched to zone 2 (LOW)
[14:08:15.779] Fire detected at zone 1 (MODERATE, remaining 20L)
[14:08:15.780] Drone 1 dispatched to zone 1 (MODERATE)
[14:08:16.780] Fire detected at zone 5 (LOW, remaining 10L)
[14:08:16.780] Drone 2 dispatched to zone 5 (LOW)
[14:08:17.193] Drone 0 -> ARRIVED
[14:08:17.193] Drone 0 reached zone 2
[14:08:17.194] Drone 0 -> DROPPING_AGENT
[14:08:18.920] Fire detected at zone 3 (MODERATE, remaining 20L)
[14:08:18.921] Drone 3 dispatched to zone 3 (MODERATE)
[14:08:20.221] Fire detected at zone 4 (MODERATE, remaining 20L)
[14:08:20.222] Drone 4 dispatched to zone 4 (MODERATE)
[14:08:20.692] Drone 1 -> ARRIVED
[14:08:20.692] Drone 1 reached zone 1
[14:08:20.692] Drone 1 -> DROPPING_AGENT
[14:08:21.194] Drone 0 -> COMPLETED
[14:08:21.194] Zone 2 extinguished by drone 0
[14:08:21.195] Drone 0 -> RETURNING
[14:08:24.693] Drone 1 -> COMPLETED
[14:08:24.694] Drone 1 -> RETURNING
[14:08:24.695] Drone 4 dispatched to zone 1 (MODERATE)
[14:08:25.198] Drone 5 dispatched to zone 4 (MODERATE)
[14:08:27.236] Drone 4 -> ARRIVED
[14:08:27.236] Drone 4 reached zone 1
[14:08:27.236] Drone 4 -> DROPPING_AGENT
[14:08:29.201] Drone 1 -> REFILLING
[14:08:29.540] Drone 3 -> ARRIVED
[14:08:29.540] Drone 3 reached zone 3
[14:08:29.540] Drone 3 -> DROPPING_AGENT
[14:08:31.202] Drone 1 -> IDLE
[14:08:31.237] Drone 4 -> COMPLETED
[14:08:31.237] Zone 1 extinguished by drone 4
[14:08:31.237] Drone 4 -> RETURNING
[14:08:33.512] Drone 0 -> REFILLING
[14:08:33.540] Drone 3 -> COMPLETED
[14:08:33.540] Drone 3 -> RETURNING
[14:08:33.541] Drone 6 dispatched to zone 3 (MODERATE)
[14:08:34.513] Drone 2 -> ARRIVED
[14:08:34.513] Drone 2 reached zone 5
[14:08:34.513] Drone 2 -> DROPPING_AGENT
[14:08:35.513] Drone 0 -> IDLE
[14:08:35.744] Drone 4 -> REFILLING
[14:08:37.745] Drone 4 -> IDLE
[14:08:38.514] Drone 2 -> COMPLETED
[14:08:38.514] Zone 5 extinguished by drone 2
[14:08:38.514] Drone 2 -> RETURNING
[14:08:41.524] Drone 5 -> ARRIVED
[14:08:41.524] Drone 5 reached zone 4
[14:08:41.524] Drone 5 -> DROPPING_AGENT
[14:08:43.659] Drone 3 -> REFILLING
[14:08:44.160] Drone 6 -> ARRIVED
[14:08:44.160] Drone 6 reached zone 3
[14:08:44.160] Drone 6 -> DROPPING_AGENT
[14:08:45.525] Drone 5 -> COMPLETED
[14:08:45.525] Drone 5 -> RETURNING
[14:08:45.525] Drone 7 dispatched to zone 4 (MODERATE)
[14:08:45.660] Drone 3 -> IDLE
[14:08:48.161] Drone 6 -> COMPLETED
[14:08:48.161] Zone 3 extinguished by drone 6
[14:08:48.161] Drone 6 -> RETURNING
[14:08:55.442] Drone 2 -> REFILLING
[14:08:56.362] Fire detected at zone 1 (LOW, remaining 10L)
[14:08:56.363] Drone 8 dispatched to zone 1 (LOW)
[14:08:57.443] Drone 2 -> IDLE
[14:08:58.281] Drone 6 -> REFILLING
[14:09:00.282] Drone 6 -> IDLE
[14:09:00.803] Fire detected at zone 2 (LOW, remaining 10L)
[14:09:00.803] Drone 9 dispatched to zone 2 (LOW)
[14:09:01.150] Drone 5 -> REFILLING
[14:09:01.270] Drone 8 -> ARRIVED
[14:09:01.270] Drone 8 reached zone 1
[14:09:01.271] Drone 8 -> DROPPING_AGENT
[14:09:01.852] Drone 7 -> ARRIVED
[14:09:01.852] Drone 7 reached zone 4
[14:09:01.852] Drone 7 -> DROPPING_AGENT
[14:09:03.151] Drone 5 -> IDLE
[14:09:05.271] Drone 8 -> COMPLETED
[14:09:05.271] Zone 1 extinguished by drone 8
[14:09:05.271] Drone 8 -> RETURNING
[14:09:05.853] Drone 7 -> COMPLETED
[14:09:05.853] Zone 4 extinguished by drone 7
[14:09:05.853] Drone 7 -> RETURNING
[14:09:06.384] Fire detected at zone 4 (HIGH, remaining 30L)
[14:09:06.384] Drone 10 dispatched to zone 4 (HIGH)
[14:09:06.564] Fire detected at zone 5 (HIGH, remaining 30L)
[14:09:06.885] Drone 11 dispatched to zone 5 (HIGH)
[14:09:09.778] Drone 8 -> REFILLING
[14:09:11.779] Drone 8 -> IDLE
[14:09:12.365] Fire detected at zone 3 (HIGH, remaining 30L)
[14:09:12.365] Drone 11 dispatched to zone 3 (HIGH)
[14:09:12.866] Drone 12 dispatched to zone 5 (HIGH)
[14:09:14.326] Drone 9 -> ARRIVED
[14:09:14.326] Drone 9 reached zone 2
[14:09:14.326] Drone 9 -> DROPPING_AGENT
[14:09:18.326] Drone 9 -> COMPLETED
[14:09:18.327] Zone 2 extinguished by drone 9
[14:09:18.327] Drone 9 -> RETURNING
[14:09:18.604] Drone 11 -> ARRIVED
[14:09:18.604] Drone 11 reached zone 3
[14:09:18.604] Drone 11 -> DROPPING_AGENT
[14:09:21.477] Drone 7 -> REFILLING
[14:09:22.605] Drone 11 -> COMPLETED
[14:09:22.605] Drone 11 -> RETURNING
[14:09:22.606] Drone 12 dispatched to zone 3 (HIGH)
[14:09:22.710] Drone 10 -> ARRIVED
[14:09:22.710] Drone 10 reached zone 4
[14:09:22.710] Drone 10 -> DROPPING_AGENT
[14:09:23.107] Drone 13 dispatched to zone 5 (HIGH)
[14:09:23.478] Drone 7 -> IDLE
[14:09:24.684] Drone 12 -> ARRIVED
[14:09:24.684] Drone 12 reached zone 3
[14:09:24.685] Drone 12 -> DROPPING_AGENT
[14:09:26.711] Drone 10 -> COMPLETED
[14:09:26.711] Drone 10 -> RETURNING
[14:09:26.711] Drone 14 dispatched to zone 4 (HIGH)
[14:09:28.685] Drone 12 -> COMPLETED
[14:09:28.685] Zone 3 extinguished by drone 12
[14:09:28.685] Drone 12 -> RETURNING
[14:09:30.647] Drone 9 -> REFILLING
[14:09:30.846] Fire detected at zone 1 (LOW, remaining 10L)
[14:09:30.846] Drone 15 dispatched to zone 1 (LOW)
[14:09:32.648] Drone 9 -> IDLE
[14:09:32.720] Drone 11 -> REFILLING
[14:09:34.721] Drone 11 -> IDLE
[14:09:35.756] Drone 15 -> ARRIVED
[14:09:35.756] Drone 15 reached zone 1
[14:09:35.756] Drone 15 -> DROPPING_AGENT
[14:09:38.800] Drone 12 -> REFILLING
[14:09:39.757] Drone 15 -> COMPLETED
[14:09:39.757] Zone 1 extinguished by drone 15
[14:09:39.757] Drone 15 -> RETURNING
[14:09:40.801] Drone 12 -> IDLE
[14:09:40.832] Drone 13 -> ARRIVED
[14:09:40.832] Drone 13 reached zone 5
[14:09:40.832] Drone 13 -> DROPPING_AGENT
[14:09:42.335] Drone 10 -> REFILLING
[14:09:43.037] Drone 14 -> ARRIVED
[14:09:43.037] Drone 14 reached zone 4
[14:09:43.037] Drone 14 -> DROPPING_AGENT
[14:09:44.027] Fire detected at zone 3 (HIGH, remaining 30L)
[14:09:44.028] Drone 16 dispatched to zone 3 (HIGH)
[14:09:44.265] Drone 15 -> REFILLING
[14:09:44.336] Drone 10 -> IDLE
[14:09:44.833] Drone 13 -> COMPLETED
[14:09:44.833] Drone 13 -> RETURNING
[14:09:44.833] Drone 17 dispatched to zone 5 (HIGH)
[14:09:46.265] Drone 15 -> IDLE
[14:09:47.037] Drone 14 -> COMPLETED
[14:09:47.037] Zone 4 extinguished by drone 14
[14:09:47.038] Drone 14 -> RETURNING
[14:09:54.649] Drone 16 -> ARRIVED
[14:09:54.649] Drone 16 reached zone 3
[14:09:54.649] Drone 16 -> DROPPING_AGENT
[14:09:58.650] Drone 16 -> COMPLETED
[14:09:58.650] Drone 16 -> RETURNING
[14:09:58.650] Drone 18 dispatched to zone 3 (HIGH)
[14:10:01.758] Drone 13 -> REFILLING
[14:10:02.559] Drone 17 -> ARRIVED
[14:10:02.559] Drone 17 reached zone 5
[14:10:02.559] Drone 17 -> DROPPING_AGENT
[14:10:02.659] Drone 14 -> REFILLING
[14:10:03.759] Drone 13 -> IDLE
[14:10:04.660] Drone 14 -> IDLE
[14:10:06.560] Drone 17 -> COMPLETED
[14:10:06.560] Zone 5 extinguished by drone 17
[14:10:06.560] Fire detected at zone 5 (LOW, remaining 10L)
[14:10:06.560] Drone 17 -> RETURNING
[14:10:06.561] Drone 19 dispatched to zone 5 (LOW)
[14:10:08.765] Drone 16 -> REFILLING
[14:10:09.266] Drone 18 -> ARRIVED
[14:10:09.266] Drone 18 reached zone 3
[14:10:09.266] Drone 18 -> DROPPING_AGENT
[14:10:09.708] Fire detected at zone 4 (HIGH, remaining 30L)
[14:10:09.708] Drone 0 dispatched to zone 4 (HIGH)
[14:10:10.766] Drone 16 -> IDLE
[14:10:13.267] Drone 18 -> COMPLETED
[14:10:13.267] Zone 3 extinguished by drone 18
[14:10:13.267] Drone 18 -> RETURNING
[14:10:22.689] Fire detected at zone 2 (HIGH, remaining 30L)
[14:10:22.690] Drone 1 dispatched to zone 2 (HIGH)
[14:10:23.383] Drone 18 -> REFILLING
[14:10:23.484] Drone 17 -> REFILLING
[14:10:23.870] Fire detected at zone 3 (HIGH, remaining 30L)
[14:10:23.870] Drone 2 dispatched to zone 3 (HIGH)
[14:10:24.285] Drone 19 -> ARRIVED
[14:10:24.285] Drone 19 reached zone 5
[14:10:24.285] Drone 19 -> DROPPING_AGENT
[14:10:25.384] Drone 18 -> IDLE
[14:10:25.484] Drone 17 -> IDLE
[14:10:25.691] Fire detected at zone 1 (HIGH, remaining 30L)
[14:10:25.691] Drone 2 dispatched to zone 1 (HIGH)
[14:10:26.037] Drone 0 -> ARRIVED
[14:10:26.037] Drone 0 reached zone 4
[14:10:26.037] Drone 0 -> DROPPING_AGENT
[14:10:26.192] Drone 3 dispatched to zone 3 (HIGH)
[14:10:28.286] Drone 19 -> COMPLETED
[14:10:28.286] Zone 5 extinguished by drone 19
[14:10:28.286] Fire detected at zone 5 (HIGH, remaining 30L)
[14:10:28.286] Drone 19 -> RETURNING
[14:10:28.287] Drone 5 dispatched to zone 5 (HIGH)
[14:10:29.280] Drone 2 -> ARRIVED
[14:10:29.280] Drone 2 reached zone 1
[14:10:29.280] Drone 2 -> DROPPING_AGENT
[14:10:30.037] Drone 0 -> COMPLETED
[14:10:30.037] Drone 0 -> RETURNING
[14:10:30.038] Drone 6 dispatched to zone 4 (HIGH)
[14:10:33.281] Drone 2 -> COMPLETED
[14:10:33.281] Drone 2 -> RETURNING
[14:10:33.282] Drone 6 dispatched to zone 1 (HIGH)
[14:10:33.782] Drone 7 dispatched to zone 4 (HIGH)
[14:10:35.946] Drone 6 -> ARRIVED
[14:10:35.946] Drone 6 reached zone 1
[14:10:35.946] Drone 6 -> DROPPING_AGENT
[14:10:36.209] Drone 1 -> ARRIVED
[14:10:36.209] Drone 1 reached zone 2
[14:10:36.209] Drone 1 -> DROPPING_AGENT
[14:10:36.805] Drone 3 -> ARRIVED
[14:10:36.805] Drone 3 reached zone 3
[14:10:36.805] Drone 3 -> DROPPING_AGENT
[14:10:37.788] Drone 2 -> REFILLING
[14:10:39.789] Drone 2 -> IDLE
[14:10:39.947] Drone 6 -> COMPLETED
[14:10:39.947] Zone 1 extinguished by drone 6
[14:10:39.947] Drone 6 -> RETURNING
[14:10:40.209] Drone 1 -> COMPLETED
[14:10:40.210] Drone 1 -> RETURNING
[14:10:40.210] Drone 8 dispatched to zone 2 (HIGH)
[14:10:40.806] Drone 3 -> COMPLETED
[14:10:40.806] Drone 3 -> RETURNING
[14:10:40.806] Drone 9 dispatched to zone 3 (HIGH)
[14:10:44.453] Drone 6 -> REFILLING
[14:10:45.207] Drone 19 -> REFILLING
[14:10:45.659] Drone 0 -> REFILLING
[14:10:46.008] Drone 5 -> ARRIVED
[14:10:46.008] Drone 5 reached zone 5
[14:10:46.008] Drone 5 -> DROPPING_AGENT
[14:10:46.454] Drone 6 -> IDLE
[14:10:47.208] Drone 19 -> IDLE
[14:10:47.660] Drone 0 -> IDLE
[14:10:50.009] Drone 5 -> COMPLETED
[14:10:50.009] Drone 5 -> RETURNING
[14:10:50.009] Drone 10 dispatched to zone 5 (HIGH)
[14:10:50.103] Drone 7 -> ARRIVED
[14:10:50.103] Drone 7 reached zone 4
[14:10:50.103] Drone 7 -> DROPPING_AGENT
[14:10:50.916] Drone 3 -> REFILLING
[14:10:51.416] Drone 9 -> ARRIVED
[14:10:51.416] Drone 9 reached zone 3
[14:10:51.416] Drone 9 -> DROPPING_AGENT
[14:10:52.524] Drone 1 -> REFILLING
[14:10:52.916] Drone 3 -> IDLE
[14:10:53.724] Drone 8 -> ARRIVED
[14:10:53.724] Drone 8 reached zone 2
[14:10:53.724] Drone 8 -> DROPPING_AGENT
[14:10:54.104] Drone 7 -> COMPLETED
[14:10:54.104] Zone 4 extinguished by drone 7
[14:10:54.104] Fire detected at zone 4 (LOW, remaining 10L)
[14:10:54.104] Drone 7 -> RETURNING
[14:10:54.104] Drone 13 dispatched to zone 4 (LOW)
[14:10:54.524] Drone 1 -> IDLE
[14:10:55.417] Drone 9 -> COMPLETED
[14:10:55.417] Zone 3 extinguished by drone 9
[14:10:55.417] Drone 9 -> RETURNING
[14:10:57.725] Drone 8 -> COMPLETED
[14:10:57.725] Zone 2 extinguished by drone 8
[14:10:57.725] Drone 8 -> RETURNING
[14:10:59.653] Fire detected at zone 2 (LOW, remaining 10L)
[14:10:59.653] Drone 14 dispatched to zone 2 (LOW)
[14:11:01.514] Fire detected at zone 3 (MODERATE, remaining 20L)
[14:11:01.514] Drone 15 dispatched to zone 3 (MODERATE)
[14:11:05.529] Drone 9 -> REFILLING
[14:11:06.928] Drone 5 -> REFILLING
[14:11:07.530] Drone 9 -> IDLE
[14:11:07.729] Drone 10 -> ARRIVED
[14:11:07.729] Drone 10 reached zone 5
[14:11:07.729] Drone 10 -> DROPPING_AGENT
[14:11:08.929] Drone 5 -> IDLE
[14:11:09.727] Drone 7 -> REFILLING
[14:11:10.038] Drone 8 -> REFILLING
[14:11:10.428] Drone 13 -> ARRIVED
[14:11:10.428] Drone 13 reached zone 4
[14:11:10.428] Drone 13 -> DROPPING_AGENT
[14:11:11.728] Drone 7 -> IDLE
[14:11:11.729] Drone 10 -> COMPLETED
[14:11:11.729] Zone 5 extinguished by drone 10
[14:11:11.730] Fire detected at zone 5 (HIGH, remaining 30L)
[14:11:11.730] Drone 10 -> RETURNING
[14:11:11.730] Drone 16 dispatched to zone 5 (HIGH)
[14:11:12.039] Drone 8 -> IDLE
[14:11:12.131] Drone 15 -> ARRIVED
[14:11:12.131] Drone 15 reached zone 3
[14:11:12.131] Drone 15 -> DROPPING_AGENT
[14:11:13.172] Drone 14 -> ARRIVED
[14:11:13.172] Drone 14 reached zone 2
[14:11:13.172] Drone 14 -> DROPPING_AGENT
[14:11:14.429] Drone 13 -> COMPLETED
[14:11:14.429] Zone 4 extinguished by drone 13
[14:11:14.429] Fire detected at zone 4 (MODERATE, remaining 20L)
[14:11:14.429] Drone 13 -> RETURNING
[14:11:14.429] Drone 17 dispatched to zone 4 (MODERATE)
[14:11:16.132] Drone 15 -> COMPLETED
[14:11:16.132] Drone 15 -> RETURNING
[14:11:16.132] Drone 18 dispatched to zone 3 (MODERATE)
[14:11:17.173] Drone 14 -> COMPLETED
[14:11:17.173] Zone 2 extinguished by drone 14
[14:11:17.173] Drone 14 -> RETURNING
[14:11:26.243] Drone 15 -> REFILLING
[14:11:26.744] Drone 18 -> ARRIVED
[14:11:26.744] Drone 18 reached zone 3
[14:11:26.744] Drone 18 -> DROPPING_AGENT
[14:11:28.244] Drone 15 -> IDLE
[14:11:28.645] Drone 10 -> REFILLING
[14:11:29.446] Drone 16 -> ARRIVED
[14:11:29.446] Drone 16 reached zone 5
[14:11:29.446] Drone 16 -> DROPPING_AGENT
[14:11:29.490] Drone 14 -> REFILLING
[14:11:30.047] Drone 13 -> REFILLING
[14:11:30.646] Drone 10 -> IDLE
[14:11:30.745] Drone 18 -> COMPLETED
[14:11:30.745] Zone 3 extinguished by drone 18
[14:11:30.745] Drone 18 -> RETURNING
[14:11:30.748] Drone 17 -> ARRIVED
[14:11:30.748] Drone 17 reached zone 4
[14:11:30.748] Drone 17 -> DROPPING_AGENT
[14:11:31.491] Drone 14 -> IDLE
[14:11:32.048] Drone 13 -> IDLE
[14:11:33.447] Drone 16 -> COMPLETED
[14:11:33.448] Drone 16 -> RETURNING
[14:11:33.448] Drone 19 dispatched to zone 5 (HIGH)
[14:11:34.748] Drone 17 -> COMPLETED
[14:11:34.748] Drone 17 -> RETURNING
[14:11:34.749] Drone 0 dispatched to zone 4 (MODERATE)
[14:11:39.995] Fire detected at zone 2 (LOW, remaining 10L)
[14:11:39.996] Drone 1 dispatched to zone 2 (LOW)
[14:11:40.858] Drone 18 -> REFILLING
[14:11:42.858] Drone 18 -> IDLE
[14:11:50.364] Drone 16 -> REFILLING
[14:11:50.364] Drone 17 -> REFILLING
[14:11:51.065] Drone 0 -> ARRIVED
[14:11:51.065] Drone 0 reached zone 4
[14:11:51.065] Drone 0 -> DROPPING_AGENT
[14:11:51.165] Drone 19 -> ARRIVED
[14:11:51.165] Drone 19 reached zone 5
[14:11:51.165] Drone 19 -> DROPPING_AGENT
[14:11:52.365] Drone 17 -> IDLE
[14:11:52.365] Drone 16 -> IDLE
[14:11:53.515] Drone 1 -> ARRIVED
[14:11:53.515] Drone 1 reached zone 2
[14:11:53.516] Drone 1 -> DROPPING_AGENT
[14:11:55.066] Drone 0 -> COMPLETED
[14:11:55.066] Zone 4 extinguished by drone 0
[14:11:55.066] Drone 0 -> RETURNING
[14:11:55.166] Drone 19 -> COMPLETED
[14:11:55.166] Zone 5 extinguished by drone 19
[14:11:55.166] Fire detected at zone 5 (HIGH, remaining 30L)
[14:11:55.166] Drone 19 -> RETURNING
[14:11:55.166] Drone 3 dispatched to zone 5 (HIGH)
[14:11:57.516] Drone 1 -> COMPLETED
[14:11:57.516] Zone 2 extinguished by drone 1
[14:11:57.516] Drone 1 -> RETURNING
[14:12:09.833] Drone 1 -> REFILLING
[14:12:10.683] Drone 0 -> REFILLING
[14:12:11.834] Drone 1 -> IDLE
[14:12:12.085] Drone 19 -> REFILLING
[14:12:12.684] Drone 0 -> IDLE
[14:12:12.886] Drone 3 -> ARRIVED
[14:12:12.886] Drone 3 reached zone 5
[14:12:12.886] Drone 3 -> DROPPING_AGENT
[14:12:14.086] Drone 19 -> IDLE
[14:12:16.887] Drone 3 -> COMPLETED
[14:12:16.887] Drone 3 -> RETURNING
[14:12:16.887] Drone 4 dispatched to zone 5 (HIGH)
[14:12:33.806] Drone 3 -> REFILLING
[14:12:34.337] Fire detected at zone 4 (HIGH, remaining 30L)
[14:12:34.337] Drone 5 dispatched to zone 4 (HIGH)
[14:12:34.607] Drone 4 -> ARRIVED
[14:12:34.607] Drone 4 reached zone 5
[14:12:34.607] Drone 4 -> DROPPING_AGENT
[14:12:35.807] Drone 3 -> IDLE
[14:12:35.918] Fire detected at zone 3 (MODERATE, remaining 20L)
[14:12:35.918] Drone 7 dispatched to zone 3 (MODERATE)
[14:12:36.378] Fire detected at zone 1 (LOW, remaining 10L)
[14:12:36.419] Drone 8 dispatched to zone 1 (LOW)
[14:12:38.608] Drone 4 -> COMPLETED
[14:12:38.608] Zone 5 extinguished by drone 4
[14:12:38.608] Drone 4 -> RETURNING
[14:12:41.326] Drone 8 -> ARRIVED
[14:12:41.326] Drone 8 reached zone 1
[14:12:41.326] Drone 8 -> DROPPING_AGENT
[14:12:45.327] Drone 8 -> COMPLETED
[14:12:45.327] Zone 1 extinguished by drone 8
[14:12:45.327] Drone 8 -> RETURNING
[14:12:46.531] Drone 7 -> ARRIVED
[14:12:46.531] Drone 7 reached zone 3
[14:12:46.531] Drone 7 -> DROPPING_AGENT
[14:12:49.832] Drone 8 -> REFILLING
[14:12:50.532] Drone 7 -> COMPLETED
[14:12:50.532] Drone 7 -> RETURNING
[14:12:50.532] Drone 9 dispatched to zone 3 (MODERATE)
[14:12:50.658] Drone 5 -> ARRIVED
[14:12:50.658] Drone 5 reached zone 4
[14:12:50.658] Drone 5 -> DROPPING_AGENT
[14:12:51.833] Drone 8 -> IDLE
[14:12:53.799] Fire detected at zone 2 (MODERATE, remaining 20L)
[14:12:53.799] Drone 10 dispatched to zone 2 (MODERATE)
[14:12:54.659] Drone 5 -> COMPLETED
[14:12:54.659] Drone 5 -> RETURNING
[14:12:54.659] Drone 11 dispatched to zone 4 (HIGH)
[14:12:55.530] Drone 4 -> REFILLING
[14:12:57.530] Drone 4 -> IDLE
[14:13:00.644] Drone 7 -> REFILLING
[14:13:01.144] Drone 9 -> ARRIVED
[14:13:01.144] Drone 9 reached zone 3
[14:13:01.144] Drone 9 -> DROPPING_AGENT
[14:13:02.645] Drone 7 -> IDLE
[14:13:05.145] Drone 9 -> COMPLETED
[14:13:05.145] Zone 3 extinguished by drone 9
[14:13:05.145] Drone 9 -> RETURNING
[14:13:07.320] Drone 10 -> ARRIVED
[14:13:07.320] Drone 10 reached zone 2
[14:13:07.320] Drone 10 -> DROPPING_AGENT
[14:13:10.279] Drone 5 -> REFILLING
[14:13:10.980] Drone 11 -> ARRIVED
[14:13:10.980] Drone 11 reached zone 4
[14:13:10.980] Drone 11 -> DROPPING_AGENT
[14:13:11.321] Drone 10 -> COMPLETED
[14:13:11.321] Drone 10 -> RETURNING
[14:13:11.321] Drone 12 dispatched to zone 2 (MODERATE)
[14:13:12.279] Drone 5 -> IDLE
[14:13:14.981] Drone 11 -> COMPLETED
[14:13:14.981] Zone 4 extinguished by drone 11
[14:13:14.981] Drone 11 -> RETURNING
[14:13:15.258] Drone 9 -> REFILLING
[14:13:17.259] Drone 9 -> IDLE
[14:13:23.638] Drone 10 -> REFILLING
[14:13:24.841] Drone 12 -> ARRIVED
[14:13:24.841] Drone 12 reached zone 2
[14:13:24.841] Drone 12 -> DROPPING_AGENT
[14:13:25.639] Drone 10 -> IDLE
[14:13:28.841] Drone 12 -> COMPLETED
[14:13:28.841] Zone 2 extinguished by drone 12
[14:13:28.842] Drone 12 -> RETURNING
[14:13:30.600] Fire detected at zone 5 (HIGH, remaining 30L)
[14:13:30.600] Drone 13 dispatched to zone 5 (HIGH)
[14:13:30.604] Drone 11 -> REFILLING
[14:13:32.604] Drone 11 -> IDLE
[14:13:41.157] Drone 12 -> REFILLING
[14:13:43.158] Drone 12 -> IDLE
[14:13:48.324] Drone 13 -> ARRIVED
[14:13:48.325] Drone 13 reached zone 5
[14:13:48.325] Drone 13 -> DROPPING_AGENT
[14:13:52.325] Drone 13 -> COMPLETED
[14:13:52.325] Drone 13 -> RETURNING
[14:13:52.326] Drone 14 dispatched to zone 5 (HIGH)
[14:13:56.541] Fire detected at zone 4 (HIGH, remaining 30L)
[14:13:56.541] Drone 15 dispatched to zone 4 (HIGH)
[14:13:56.821] Fire detected at zone 3 (MODERATE, remaining 20L)
[14:13:57.041] Drone 16 dispatched to zone 3 (MODERATE)
[14:14:07.222] Fire detected at zone 2 (LOW, remaining 10L)
[14:14:07.222] Drone 17 dispatched to zone 2 (LOW)
[14:14:07.657] Drone 16 -> ARRIVED
[14:14:07.657] Drone 16 reached zone 3
[14:14:07.657] Drone 16 -> DROPPING_AGENT
[14:14:09.251] Drone 13 -> REFILLING
[14:14:10.052] Drone 14 -> ARRIVED
[14:14:10.052] Drone 14 reached zone 5
[14:14:10.052] Drone 14 -> DROPPING_AGENT
[14:14:11.252] Drone 13 -> IDLE
[14:14:11.657] Drone 16 -> COMPLETED
[14:14:11.657] Drone 16 -> RETURNING
[14:14:11.657] Drone 18 dispatched to zone 3 (MODERATE)
[14:14:12.861] Drone 15 -> ARRIVED
[14:14:12.861] Drone 15 reached zone 4
[14:14:12.861] Drone 15 -> DROPPING_AGENT
[14:14:14.052] Drone 14 -> COMPLETED
[14:14:14.052] Zone 5 extinguished by drone 14
[14:14:14.052] Drone 14 -> RETURNING
[14:14:16.862] Drone 15 -> COMPLETED
[14:14:16.862] Drone 15 -> RETURNING
[14:14:16.862] Drone 19 dispatched to zone 4 (HIGH)
[14:14:20.745] Drone 17 -> ARRIVED
[14:14:20.745] Drone 17 reached zone 2
[14:14:20.745] Drone 17 -> DROPPING_AGENT
[14:14:21.768] Drone 16 -> REFILLING
[14:14:22.275] Drone 18 -> ARRIVED
[14:14:22.275] Drone 18 reached zone 3
[14:14:22.275] Drone 18 -> DROPPING_AGENT
[14:14:23.769] Drone 16 -> IDLE
[14:14:24.746] Drone 17 -> COMPLETED
[14:14:24.746] Zone 2 extinguished by drone 17
[14:14:24.746] Drone 17 -> RETURNING
[14:14:25.603] Fire detected at zone 1 (MODERATE, remaining 20L)
[14:14:25.603] Drone 0 dispatched to zone 1 (MODERATE)
[14:14:26.275] Drone 18 -> COMPLETED
[14:14:26.275] Zone 3 extinguished by drone 18
[14:14:26.275] Drone 18 -> RETURNING
[14:14:30.510] Drone 0 -> ARRIVED
[14:14:30.510] Drone 0 reached zone 1
[14:14:30.510] Drone 0 -> DROPPING_AGENT
[14:14:30.978] Drone 14 -> REFILLING
[14:14:32.482] Drone 15 -> REFILLING
[14:14:32.978] Drone 14 -> IDLE
[14:14:33.183] Drone 19 -> ARRIVED
[14:14:33.183] Drone 19 reached zone 4
[14:14:33.183] Drone 19 -> DROPPING_AGENT
[14:14:34.482] Drone 15 -> IDLE
[14:14:34.511] Drone 0 -> COMPLETED
[14:14:34.511] Drone 0 -> RETURNING
[14:14:34.511] Drone 1 dispatched to zone 1 (MODERATE)
[14:14:36.390] Drone 18 -> REFILLING
[14:14:37.064] Drone 17 -> REFILLING
[14:14:37.183] Drone 19 -> COMPLETED
[14:14:37.184] Zone 4 extinguished by drone 19
[14:14:37.184] Fire detected at zone 4 (LOW, remaining 10L)
[14:14:37.184] Drone 19 -> RETURNING
[14:14:37.184] Drone 2 dispatched to zone 4 (LOW)
[14:14:38.391] Drone 18 -> IDLE
[14:14:39.017] Drone 0 -> REFILLING
[14:14:39.065] Drone 17 -> IDLE
[14:14:39.417] Drone 1 -> ARRIVED
[14:14:39.417] Drone 1 reached zone 1
[14:14:39.417] Drone 1 -> DROPPING_AGENT
[14:14:41.017] Drone 0 -> IDLE
[14:14:43.418] Drone 1 -> COMPLETED
[14:14:43.418] Zone 1 extinguished by drone 1
[14:14:43.418] Fire detected at zone 1 (LOW, remaining 10L)
[14:14:43.418] Drone 1 -> RETURNING
[14:14:43.418] Drone 3 dispatched to zone 1 (LOW)
[14:14:47.923] Drone 1 -> REFILLING
[14:14:48.325] Drone 3 -> ARRIVED
[14:14:48.325] Drone 3 reached zone 1
[14:14:48.325] Drone 3 -> DROPPING_AGENT
[14:14:49.924] Drone 1 -> IDLE
[14:14:52.325] Drone 3 -> COMPLETED
[14:14:52.325] Zone 1 extinguished by drone 3
[14:14:52.325] Drone 3 -> RETURNING
[14:14:52.806] Drone 19 -> REFILLING
[14:14:53.508] Drone 2 -> ARRIVED
[14:14:53.508] Drone 2 reached zone 4
[14:14:53.508] Drone 2 -> DROPPING_AGENT
[14:14:54.807] Drone 19 -> IDLE
[14:14:56.832] Drone 3 -> REFILLING
[14:14:57.508] Drone 2 -> COMPLETED
[14:14:57.508] Zone 4 extinguished by drone 2
[14:14:57.509] Drone 2 -> RETURNING
[14:14:58.465] Fire detected at zone 5 (HIGH, remaining 30L)
[14:14:58.466] Drone 4 dispatched to zone 5 (HIGH)
[14:14:58.832] Drone 3 -> IDLE
[14:15:05.326] Fire detected at zone 4 (HIGH, remaining 30L)
[14:15:05.326] Drone 5 dispatched to zone 4 (HIGH)
[14:15:13.130] Drone 2 -> REFILLING
[14:15:15.130] Drone 2 -> IDLE
[14:15:16.191] Drone 4 -> ARRIVED
[14:15:16.191] Drone 4 reached zone 5
[14:15:16.191] Drone 4 -> DROPPING_AGENT
[14:15:20.192] Drone 4 -> COMPLETED
[14:15:20.192] Drone 4 -> RETURNING
[14:15:20.192] Drone 6 dispatched to zone 5 (HIGH)
[14:15:21.646] Drone 5 -> ARRIVED
[14:15:21.646] Drone 5 reached zone 4
[14:15:21.646] Drone 5 -> DROPPING_AGENT
[14:15:22.906] Fire detected at zone 2 (LOW, remaining 10L)
[14:15:22.907] Drone 7 dispatched to zone 2 (LOW)
[14:15:25.647] Drone 5 -> COMPLETED
[14:15:25.647] Drone 5 -> RETURNING
[14:15:25.648] Drone 8 dispatched to zone 4 (HIGH)
[14:15:36.424] Drone 7 -> ARRIVED
[14:15:36.424] Drone 7 reached zone 2
[14:15:36.424] Drone 7 -> DROPPING_AGENT
[14:15:36.947] Fire detected at zone 1 (HIGH, remaining 30L)
[14:15:36.947] Drone 9 dispatched to zone 1 (HIGH)
[14:15:37.114] Drone 4 -> REFILLING
[14:15:37.916] Drone 6 -> ARRIVED
[14:15:37.916] Drone 6 reached zone 5
[14:15:37.916] Drone 6 -> DROPPING_AGENT
[14:15:39.048] Fire detected at zone 3 (HIGH, remaining 30L)
[14:15:39.048] Drone 10 dispatched to zone 3 (HIGH)
[14:15:39.115] Drone 4 -> IDLE
[14:15:40.425] Drone 7 -> COMPLETED
[14:15:40.425] Zone 2 extinguished by drone 7
[14:15:40.425] Drone 7 -> RETURNING
[14:15:41.266] Drone 5 -> REFILLING
[14:15:41.854] Drone 9 -> ARRIVED
[14:15:41.854] Drone 9 reached zone 1
[14:15:41.854] Drone 9 -> DROPPING_AGENT
[14:15:41.915] Drone 6 -> COMPLETED
[14:15:41.915] Zone 5 extinguished by drone 6
[14:15:41.915] Drone 6 -> RETURNING
[14:15:41.967] Drone 8 -> ARRIVED
[14:15:41.967] Drone 8 reached zone 4
[14:15:41.967] Drone 8 -> DROPPING_AGENT
[14:15:43.267] Drone 5 -> IDLE
[14:15:45.855] Drone 9 -> COMPLETED
[14:15:45.855] Drone 9 -> RETURNING
[14:15:45.855] Drone 11 dispatched to zone 1 (HIGH)
[14:15:45.967] Drone 8 -> COMPLETED
[14:15:45.967] Zone 4 extinguished by drone 8
[14:15:45.967] Drone 8 -> RETURNING
[14:15:48.668] Fire detected at zone 4 (HIGH, remaining 30L)
[14:15:48.669] Drone 12 dispatched to zone 4 (HIGH)
[14:15:49.661] Drone 10 -> ARRIVED
[14:15:49.661] Drone 10 reached zone 3
[14:15:49.661] Drone 10 -> DROPPING_AGENT
[14:15:50.361] Drone 9 -> REFILLING
[14:15:50.762] Drone 11 -> ARRIVED
[14:15:50.762] Drone 11 reached zone 1
[14:15:50.762] Drone 11 -> DROPPING_AGENT
[14:15:52.362] Drone 9 -> IDLE
[14:15:52.744] Drone 7 -> REFILLING
[14:15:53.662] Drone 10 -> COMPLETED
[14:15:53.662] Drone 10 -> RETURNING
[14:15:53.662] Drone 13 dispatched to zone 3 (HIGH)
[14:15:54.745] Drone 7 -> IDLE
[14:15:54.762] Drone 11 -> COMPLETED
[14:15:54.762] Zone 1 extinguished by drone 11
[14:15:54.762] Drone 11 -> RETURNING
[14:15:58.845] Drone 6 -> REFILLING
[14:15:59.268] Drone 11 -> REFILLING
[14:16:00.845] Drone 6 -> IDLE
[14:16:01.269] Drone 11 -> IDLE
[14:16:01.589] Drone 8 -> REFILLING
[14:16:03.590] Drone 8 -> IDLE
[14:16:03.774] Drone 10 -> REFILLING
[14:16:04.274] Drone 13 -> ARRIVED
[14:16:04.274] Drone 13 reached zone 3
[14:16:04.275] Drone 13 -> DROPPING_AGENT
[14:16:04.830] Fire detected at zone 5 (HIGH, remaining 30L)
[14:16:04.830] Drone 14 dispatched to zone 5 (HIGH)
[14:16:04.985] Drone 12 -> ARRIVED
[14:16:04.985] Drone 12 reached zone 4
[14:16:04.985] Drone 12 -> DROPPING_AGENT
[14:16:05.410] Fire detected at zone 1 (LOW, remaining 10L)
[14:16:05.411] Drone 15 dispatched to zone 1 (LOW)
[14:16:05.774] Drone 10 -> IDLE
[14:16:08.275] Drone 13 -> COMPLETED
[14:16:08.275] Zone 3 extinguished by drone 13
[14:16:08.275] Fire detected at zone 3 (LOW, remaining 10L)
[14:16:08.275] Drone 13 -> RETURNING
[14:16:08.275] Drone 16 dispatched to zone 3 (LOW)
[14:16:08.986] Drone 12 -> COMPLETED
[14:16:08.986] Drone 12 -> RETURNING
[14:16:08.986] Drone 17 dispatched to zone 4 (HIGH)
[14:16:10.319] Drone 15 -> ARRIVED
[14:16:10.319] Drone 15 reached zone 1
[14:16:10.319] Drone 15 -> DROPPING_AGENT
[14:16:14.319] Drone 15 -> COMPLETED
[14:16:14.319] Zone 1 extinguished by drone 15
[14:16:14.319] Drone 15 -> RETURNING
[14:16:16.711] Fire detected at zone 2 (HIGH, remaining 30L)
[14:16:16.711] Drone 18 dispatched to zone 2 (HIGH)
[14:16:18.388] Drone 13 -> REFILLING
[14:16:18.824] Drone 15 -> REFILLING
[14:16:18.889] Drone 16 -> ARRIVED
[14:16:18.889] Drone 16 reached zone 3
[14:16:18.889] Drone 16 -> DROPPING_AGENT
[14:16:20.389] Drone 13 -> IDLE
[14:16:20.825] Drone 15 -> IDLE
[14:16:22.560] Drone 14 -> ARRIVED
[14:16:22.560] Drone 14 reached zone 5
[14:16:22.560] Drone 14 -> DROPPING_AGENT
[14:16:22.889] Drone 16 -> COMPLETED
[14:16:22.890] Zone 3 extinguished by drone 16
[14:16:22.890] Drone 16 -> RETURNING
[14:16:24.602] Drone 12 -> REFILLING
[14:16:25.302] Drone 17 -> ARRIVED
[14:16:25.302] Drone 17 reached zone 4
[14:16:25.302] Drone 17 -> DROPPING_AGENT
[14:16:26.561] Drone 14 -> COMPLETED
[14:16:26.561] Drone 14 -> RETURNING
[14:16:26.561] Drone 19 dispatched to zone 5 (HIGH)
[14:16:26.602] Drone 12 -> IDLE
[14:16:29.302] Drone 17 -> COMPLETED
[14:16:29.302] Zone 4 extinguished by drone 17
[14:16:29.302] Fire detected at zone 4 (LOW, remaining 10L)
[14:16:29.303] Drone 17 -> RETURNING
[14:16:29.303] Drone 0 dispatched to zone 4 (LOW)
[14:16:30.233] Drone 18 -> ARRIVED
[14:16:30.233] Drone 18 reached zone 2
[14:16:30.233] Drone 18 -> DROPPING_AGENT
[14:16:34.589] === Simulation session started ===
[14:16:34.918] === Simulation session started ===
[14:16:37.599] Drone 4 registered on port 7004
[14:16:37.600] Drone 18 registered on port 7018
[14:16:37.600] Drone 12 registered on port 7012
[14:16:37.600] Drone 8 registered on port 7008
[14:16:37.600] Drone 6 registered on port 7006
[14:16:37.601] Drone 11 registered on port 7011
[14:16:37.601] Drone 10 registered on port 7010
[14:16:37.601] Drone 9 registered on port 7009
[14:16:37.601] Drone 3 registered on port 7003
[14:16:37.601] Drone 19 registered on port 7019
[14:16:37.602] Drone 1 registered on port 7001
[14:16:37.602] Drone 2 registered on port 7002
[14:16:37.602] Drone 5 registered on port 7005
[14:16:37.602] Drone 7 registered on port 7007
[14:16:37.602] Drone 17 registered on port 7017
[14:16:37.603] Drone 16 registered on port 7016
[14:16:37.603] Drone 13 registered on port 7013
[14:16:37.603] Drone 15 registered on port 7015
[14:16:37.603] Drone 14 registered on port 7014
[14:16:37.603] Drone 0 registered on port 7000
[14:16:39.603] Fire detected at zone 2 (LOW, remaining 10L)
[14:16:39.608] Drone 0 dispatched to zone 2 (LOW)
[14:16:43.027] Drone 0 -> ARRIVED
[14:16:43.027] Drone 0 reached zone 2
[14:16:43.027] Drone 0 -> DROPPING_AGENT
[14:16:47.028] Drone 0 -> COMPLETED
[14:16:47.029] Zone 2 extinguished by drone 0
[14:16:47.029] Drone 0 -> RETURNING
[14:16:50.132] Drone 0 -> REFILLING
[14:16:51.741] Fire detected at zone 1 (MODERATE, remaining 20L)
[14:16:51.741] Drone 1 dispatched to zone 1 (MODERATE)
[14:16:52.133] Drone 0 -> IDLE
[14:16:52.741] Fire detected at zone 5 (LOW, remaining 10L)
[14:16:52.742] Drone 2 dispatched to zone 5 (LOW)
[14:16:52.979] Drone 1 -> ARRIVED
[14:16:52.979] Drone 1 reached zone 1
[14:16:52.979] Drone 1 -> DROPPING_AGENT
[14:16:54.882] Fire detected at zone 3 (MODERATE, remaining 20L)
[14:16:54.882] Drone 3 dispatched to zone 3 (MODERATE)
[14:16:56.183] Fire detected at zone 4 (MODERATE, remaining 20L)
[14:16:56.183] Drone 4 dispatched to zone 4 (MODERATE)
[14:16:56.980] Drone 1 -> COMPLETED
[14:16:56.981] Drone 1 -> RETURNING
[14:16:56.982] Drone 4 dispatched to zone 1 (MODERATE)
[14:16:57.201] Drone 2 -> ARRIVED
[14:16:57.201] Drone 2 reached zone 5
[14:16:57.201] Drone 2 -> DROPPING_AGENT
[14:16:57.483] Drone 5 dispatched to zone 4 (MODERATE)
[14:16:57.551] Drone 3 -> ARRIVED
[14:16:57.551] Drone 3 reached zone 3
[14:16:57.551] Drone 3 -> DROPPING_AGENT
[14:16:57.618] Drone 4 -> ARRIVED
[14:16:57.618] Drone 4 reached zone 1
[14:16:57.618] Drone 4 -> DROPPING_AGENT
[14:16:58.111] Drone 1 -> REFILLING
[14:17:00.112] Drone 1 -> IDLE
[14:17:01.202] Drone 2 -> COMPLETED
[14:17:01.202] Zone 5 extinguished by drone 2
[14:17:01.202] Drone 2 -> RETURNING
[14:17:01.551] Drone 3 -> COMPLETED
[14:17:01.552] Drone 3 -> RETURNING
[14:17:01.552] Drone 6 dispatched to zone 3 (MODERATE)
[14:17:01.582] Drone 5 -> ARRIVED
[14:17:01.582] Drone 5 reached zone 4
[14:17:01.582] Drone 5 -> DROPPING_AGENT
[14:17:01.619] Drone 4 -> COMPLETED
[14:17:01.619] Zone 1 extinguished by drone 4
[14:17:01.619] Drone 4 -> RETURNING
[14:17:02.751] Drone 4 -> REFILLING
[14:17:04.091] Drone 3 -> REFILLING
[14:17:04.216] Drone 6 -> ARRIVED
[14:17:04.216] Drone 6 reached zone 3
[14:17:04.217] Drone 6 -> DROPPING_AGENT
[14:17:04.752] Drone 4 -> IDLE
[14:17:05.450] Drone 2 -> REFILLING
[14:17:05.583] Drone 5 -> COMPLETED
[14:17:05.583] Drone 5 -> RETURNING
[14:17:05.584] Drone 7 dispatched to zone 4 (MODERATE)
[14:17:06.091] Drone 3 -> IDLE
[14:17:07.451] Drone 2 -> IDLE
[14:17:08.217] Drone 6 -> COMPLETED
[14:17:08.217] Zone 3 extinguished by drone 6
[14:17:08.217] Drone 6 -> RETURNING
[14:17:09.506] Drone 5 -> REFILLING
[14:17:09.682] Drone 7 -> ARRIVED
[14:17:09.682] Drone 7 reached zone 4
[14:17:09.682] Drone 7 -> DROPPING_AGENT
[14:17:10.758] Drone 6 -> REFILLING
[14:17:11.507] Drone 5 -> IDLE
[14:17:12.759] Drone 6 -> IDLE
[14:17:13.683] Drone 7 -> COMPLETED
[14:17:13.683] Zone 4 extinguished by drone 7
[14:17:13.684] Drone 7 -> RETURNING
[14:17:17.608] Drone 7 -> REFILLING
[14:17:19.609] Drone 7 -> IDLE
[14:49:45.606] === Simulation session started ===
[14:49:45.905] === Simulation session started ===
[14:49:49.203] Drone 0 registered on port 7000
[14:49:49.205] Drone 4 registered on port 7004
[14:49:49.215] Drone 1 registered on port 7001
[14:49:49.216] Drone 3 registered on port 7003
[14:49:49.217] Drone 2 registered on port 7002
[14:49:50.624] Fire detected at zone 2 (LOW, remaining 10L)
[14:49:50.628] Drone 0 dispatched to zone 2 (LOW)
[14:51:32.873] === Simulation session started ===
[14:53:38.120] === Simulation session started ===
[14:53:38.500] === Simulation session started ===
[14:53:41.099] Drone 7 registered on port 7007
[14:53:41.099] Drone 4 registered on port 7004
[14:53:41.100] Drone 19 registered on port 7019
[14:53:41.100] Drone 10 registered on port 7010
[14:53:41.100] Drone 5 registered on port 7005
[14:53:41.100] Drone 14 registered on port 7014
[14:53:41.101] Drone 1 registered on port 7001
[14:53:41.101] Drone 15 registered on port 7015
[14:53:41.101] Drone 9 registered on port 7009
[14:53:41.101] Drone 2 registered on port 7002
[14:53:41.101] Drone 0 registered on port 7000
[14:53:41.102] Drone 18 registered on port 7018
[14:53:41.102] Drone 6 registered on port 7006
[14:53:41.102] Drone 11 registered on port 7011
[14:53:41.102] Drone 16 registered on port 7016
[14:53:41.102] Drone 13 registered on port 7013
[14:53:41.103] Drone 3 registered on port 7003
[14:53:41.103] Drone 17 registered on port 7017
[14:53:41.103] Drone 12 registered on port 7012
[14:53:41.103] Drone 8 registered on port 7008
[14:53:43.103] Fire detected at zone 2 (LOW, remaining 10L)
[14:53:43.109] Drone 0 dispatched to zone 2 (LOW)
[14:53:49.904] Drone 0 -> ARRIVED
[14:53:49.904] Drone 0 reached zone 2
[14:53:49.905] Drone 0 -> DROPPING_AGENT
[14:53:53.905] Drone 0 -> COMPLETED
[14:53:53.905] Zone 2 extinguished by drone 0
[14:53:53.906] Drone 0 -> RETURNING
[14:53:55.240] Fire detected at zone 1 (MODERATE, remaining 20L)
[14:53:55.241] Drone 1 dispatched to zone 1 (MODERATE)
[14:53:56.241] Fire detected at zone 5 (LOW, remaining 10L)
[14:53:56.242] Drone 2 dispatched to zone 5 (LOW)
[14:53:57.703] Drone 1 -> ARRIVED
[14:53:57.703] Drone 1 reached zone 1
[14:53:57.703] Drone 1 -> DROPPING_AGENT
[14:53:58.382] Fire detected at zone 3 (MODERATE, remaining 20L)
[14:53:58.382] Drone 3 dispatched to zone 3 (MODERATE)
[14:53:59.683] Fire detected at zone 4 (MODERATE, remaining 20L)
[14:53:59.683] Drone 4 dispatched to zone 4 (MODERATE)
[14:54:00.080] Drone 0 -> REFILLING
[14:54:01.704] Drone 1 -> COMPLETED
[14:54:01.706] Drone 1 -> RETURNING
[14:54:01.706] Drone 4 dispatched to zone 1 (MODERATE)
[14:54:02.081] Drone 0 -> IDLE
[14:54:02.207] Drone 5 dispatched to zone 4 (MODERATE)
[14:54:02.543] Drone 4 -> ARRIVED
[14:54:02.544] Drone 4 reached zone 1
[14:54:02.544] Drone 4 -> DROPPING_AGENT
[14:54:03.698] Drone 3 -> ARRIVED
[14:54:03.699] Drone 3 reached zone 3
[14:54:03.699] Drone 3 -> DROPPING_AGENT
[14:54:03.961] Drone 1 -> REFILLING
[14:54:05.123] Drone 2 -> ARRIVED
[14:54:05.123] Drone 2 reached zone 5
[14:54:05.123] Drone 2 -> DROPPING_AGENT
[14:54:05.962] Drone 1 -> IDLE
[14:54:06.544] Drone 4 -> COMPLETED
[14:54:06.545] Zone 1 extinguished by drone 4
[14:54:06.545] Drone 4 -> RETURNING
[14:54:07.699] Drone 3 -> COMPLETED
[14:54:07.699] Drone 3 -> RETURNING
[14:54:07.700] Drone 6 dispatched to zone 3 (MODERATE)
[14:54:08.802] Drone 4 -> REFILLING
[14:54:09.124] Drone 2 -> COMPLETED
[14:54:09.124] Zone 5 extinguished by drone 2
[14:54:09.124] Drone 2 -> RETURNING
[14:54:10.383] Drone 5 -> ARRIVED
[14:54:10.383] Drone 5 reached zone 4
[14:54:10.383] Drone 5 -> DROPPING_AGENT
[14:54:10.803] Drone 4 -> IDLE
[14:54:12.768] Drone 3 -> REFILLING
[14:54:13.019] Drone 6 -> ARRIVED
[14:54:13.019] Drone 6 reached zone 3
[14:54:13.019] Drone 6 -> DROPPING_AGENT
[14:54:14.384] Drone 5 -> COMPLETED
[14:54:14.384] Drone 5 -> RETURNING
[14:54:14.384] Drone 7 dispatched to zone 4 (MODERATE)
[14:54:14.769] Drone 3 -> IDLE
[14:54:17.020] Drone 6 -> COMPLETED
[14:54:17.020] Zone 3 extinguished by drone 6
[14:54:17.020] Drone 6 -> RETURNING
[14:54:17.598] Drone 2 -> REFILLING
[14:54:19.599] Drone 2 -> IDLE
[14:54:22.086] Drone 6 -> REFILLING
[14:54:22.207] Drone 5 -> REFILLING
[14:54:22.559] Drone 7 -> ARRIVED
[14:54:22.559] Drone 7 reached zone 4
[14:54:22.559] Drone 7 -> DROPPING_AGENT
[14:54:24.087] Drone 6 -> IDLE
[14:54:24.208] Drone 5 -> IDLE
[14:54:26.560] Drone 7 -> COMPLETED
[14:54:26.560] Zone 4 extinguished by drone 7
[14:54:26.560] Drone 7 -> RETURNING
[14:54:34.384] Drone 7 -> REFILLING
[14:54:35.824] Fire detected at zone 1 (LOW, remaining 10L)
[14:54:35.824] Drone 8 dispatched to zone 1 (LOW)
[14:54:36.385] Drone 7 -> IDLE
[14:54:38.283] Drone 8 -> ARRIVED
[14:54:38.283] Drone 8 reached zone 1
[14:54:38.283] Drone 8 -> DROPPING_AGENT
[14:54:40.265] Fire detected at zone 2 (LOW, remaining 10L)
[14:54:40.265] Drone 9 dispatched to zone 2 (LOW)
[14:54:42.284] Drone 8 -> COMPLETED
[14:54:42.284] Zone 1 extinguished by drone 8
[14:54:42.284] Drone 8 -> RETURNING
[14:54:44.541] Drone 8 -> REFILLING
[14:54:45.845] Fire detected at zone 4 (HIGH, remaining 30L)
[14:54:45.846] Drone 10 dispatched to zone 4 (HIGH)
[14:54:46.026] Fire detected at zone 5 (HIGH, remaining 30L)
[14:54:46.347] Drone 11 dispatched to zone 5 (HIGH)
[14:54:46.542] Drone 8 -> IDLE
[14:54:47.037] Drone 9 -> ARRIVED
[14:54:47.037] Drone 9 reached zone 2
[14:54:47.037] Drone 9 -> DROPPING_AGENT
[14:54:51.037] Drone 9 -> COMPLETED
[14:54:51.037] Zone 2 extinguished by drone 9
[14:54:51.038] Drone 9 -> RETURNING
[14:54:51.826] Fire detected at zone 3 (HIGH, remaining 30L)
[14:54:51.827] Drone 12 dispatched to zone 3 (HIGH)
[14:54:54.021] Drone 10 -> ARRIVED
[14:54:54.021] Drone 10 reached zone 4
[14:54:54.021] Drone 10 -> DROPPING_AGENT
[14:54:55.224] Drone 11 -> ARRIVED
[14:54:55.224] Drone 11 reached zone 5
[14:54:55.224] Drone 11 -> DROPPING_AGENT
[14:54:57.144] Drone 12 -> ARRIVED
[14:54:57.144] Drone 12 reached zone 3
[14:54:57.144] Drone 12 -> DROPPING_AGENT
[14:54:57.206] Drone 9 -> REFILLING
[14:54:58.022] Drone 10 -> COMPLETED
[14:54:58.022] Drone 10 -> RETURNING
[14:54:58.023] Drone 13 dispatched to zone 4 (HIGH)
[14:54:59.207] Drone 9 -> IDLE
[14:54:59.225] Drone 11 -> COMPLETED
[14:54:59.225] Drone 11 -> RETURNING
[14:54:59.226] Drone 14 dispatched to zone 5 (HIGH)
[14:55:01.145] Drone 12 -> COMPLETED
[14:55:01.145] Drone 12 -> RETURNING
[14:55:01.146] Drone 14 dispatched to zone 3 (HIGH)
[14:55:01.647] Drone 15 dispatched to zone 5 (HIGH)
[14:55:04.791] Drone 14 -> ARRIVED
[14:55:04.791] Drone 14 reached zone 3
[14:55:04.791] Drone 14 -> DROPPING_AGENT
[14:55:05.844] Drone 10 -> REFILLING
[14:55:06.195] Drone 13 -> ARRIVED
[14:55:06.195] Drone 13 reached zone 4
[14:55:06.195] Drone 13 -> DROPPING_AGENT
[14:55:06.207] Drone 12 -> REFILLING
[14:55:07.699] Drone 11 -> REFILLING
[14:55:07.844] Drone 10 -> IDLE
[14:55:08.208] Drone 12 -> IDLE
[14:55:08.791] Drone 14 -> COMPLETED
[14:55:08.791] Zone 3 extinguished by drone 14
[14:55:08.792] Drone 14 -> RETURNING
[14:55:09.700] Drone 11 -> IDLE
[14:55:10.196] Drone 13 -> COMPLETED
[14:55:10.196] Zone 4 extinguished by drone 13
[14:55:10.196] Drone 13 -> RETURNING
[14:55:10.307] Fire detected at zone 1 (LOW, remaining 10L)
[14:55:10.308] Drone 16 dispatched to zone 1 (LOW)
[14:55:10.520] Drone 15 -> ARRIVED
[14:55:10.520] Drone 15 reached zone 5
[14:55:10.520] Drone 15 -> DROPPING_AGENT
[14:55:12.766] Drone 16 -> ARRIVED
[14:55:12.766] Drone 16 reached zone 1
[14:55:12.766] Drone 16 -> DROPPING_AGENT
[14:55:13.857] Drone 14 -> REFILLING
[14:55:14.521] Drone 15 -> COMPLETED
[14:55:14.521] Zone 5 extinguished by drone 15
[14:55:14.521] Drone 15 -> RETURNING
[14:55:15.858] Drone 14 -> IDLE
[14:55:16.767] Drone 16 -> COMPLETED
[14:55:16.767] Zone 1 extinguished by drone 16
[14:55:16.768] Drone 16 -> RETURNING
[14:55:18.020] Drone 13 -> REFILLING
[14:55:19.023] Drone 16 -> REFILLING
[14:55:20.020] Drone 13 -> IDLE
[14:55:20.748] Fire detected at zone 5 (LOW, remaining 10L)
[14:55:20.749] Drone 17 dispatched to zone 5 (LOW)
[14:55:21.024] Drone 16 -> IDLE
[14:55:22.998] Drone 15 -> REFILLING
[14:55:23.489] Fire detected at zone 3 (HIGH, remaining 30L)
[14:55:23.489] Drone 18 dispatched to zone 3 (HIGH)
[14:55:24.999] Drone 15 -> IDLE
[14:55:28.808] Drone 18 -> ARRIVED
[14:55:28.808] Drone 18 reached zone 3
[14:55:28.808] Drone 18 -> DROPPING_AGENT
[14:55:29.628] Drone 17 -> ARRIVED
[14:55:29.628] Drone 17 reached zone 5
[14:55:29.628] Drone 17 -> DROPPING_AGENT
[14:55:32.809] Drone 18 -> COMPLETED
[14:55:32.809] Drone 18 -> RETURNING
[14:55:32.809] Drone 19 dispatched to zone 3 (HIGH)
[14:55:33.629] Drone 17 -> COMPLETED
[14:55:33.629] Zone 5 extinguished by drone 17
[14:55:33.629] Drone 17 -> RETURNING
[15:35:59.655] === Simulation session started ===
[15:35:59.971] === Simulation session started ===
[15:36:02.647] Drone 0 registered on port 7000
[15:36:02.648] Drone 5 registered on port 7005
[15:36:02.648] Drone 7 registered on port 7007
[15:36:02.649] Drone 15 registered on port 7015
[15:36:02.649] Drone 11 registered on port 7011
[15:36:02.649] Drone 4 registered on port 7004
[15:36:02.649] Drone 2 registered on port 7002
[15:36:02.649] Drone 14 registered on port 7014
[15:36:02.650] Drone 17 registered on port 7017
[15:36:02.650] Drone 1 registered on port 7001
[15:36:02.650] Drone 12 registered on port 7012
[15:36:02.650] Drone 9 registered on port 7009
[15:36:02.651] Drone 13 registered on port 7013
[15:36:02.651] Drone 10 registered on port 7010
[15:36:02.651] Drone 8 registered on port 7008
[15:36:02.651] Drone 19 registered on port 7019
[15:36:02.652] Drone 6 registered on port 7006
[15:36:02.652] Drone 18 registered on port 7018
[15:36:02.652] Drone 3 registered on port 7003
[15:36:02.652] Drone 16 registered on port 7016
[15:36:04.655] Fire detected at zone 2 (LOW, remaining 10L)
[15:36:04.659] Drone 0 dispatched to zone 2 (LOW)
[15:36:11.456] Drone 0 -> ARRIVED
[15:36:11.456] Drone 0 reached zone 2
[15:36:11.456] Drone 0 -> DROPPING_AGENT
[15:36:15.457] Drone 0 -> COMPLETED
[15:36:15.457] Zone 2 extinguished by drone 0
[15:36:15.458] Drone 0 -> RETURNING
[15:36:16.791] Fire detected at zone 1 (MODERATE, remaining 20L)
[15:36:16.791] Drone 1 dispatched to zone 1 (MODERATE)
[15:36:17.791] Fire detected at zone 5 (LOW, remaining 10L)
[15:36:17.792] Drone 2 dispatched to zone 5 (LOW)
[15:36:19.252] Drone 1 -> ARRIVED
[15:36:19.252] Drone 1 reached zone 1
[15:36:19.252] Drone 1 -> DROPPING_AGENT
[15:36:19.932] Fire detected at zone 3 (MODERATE, remaining 20L)
[15:36:19.933] Drone 3 dispatched to zone 3 (MODERATE)
[15:36:21.233] Fire detected at zone 4 (MODERATE, remaining 20L)
[15:36:21.233] Drone 4 dispatched to zone 4 (MODERATE)
[15:36:21.633] Drone 0 -> REFILLING
[15:36:23.252] Drone 1 -> COMPLETED
[15:36:23.254] Drone 1 -> RETURNING
[15:36:23.255] Drone 4 dispatched to zone 1 (MODERATE)
[15:36:23.634] Drone 0 -> IDLE
[15:36:23.756] Drone 5 dispatched to zone 4 (MODERATE)
[15:36:24.094] Drone 4 -> ARRIVED
[15:36:24.094] Drone 4 reached zone 1
[15:36:24.095] Drone 4 -> DROPPING_AGENT
[15:36:25.250] Drone 3 -> ARRIVED
[15:36:25.250] Drone 3 reached zone 3
[15:36:25.250] Drone 3 -> DROPPING_AGENT
[15:36:25.510] Drone 1 -> REFILLING
[15:36:26.671] Drone 2 -> ARRIVED
[15:36:26.671] Drone 2 reached zone 5
[15:36:26.671] Drone 2 -> DROPPING_AGENT
[15:36:27.511] Drone 1 -> IDLE
[15:36:28.095] Drone 4 -> COMPLETED
[15:36:28.095] Zone 1 extinguished by drone 4
[15:36:28.096] Drone 4 -> RETURNING
[15:36:29.251] Drone 3 -> COMPLETED
[15:36:29.251] Drone 3 -> RETURNING
[15:36:29.252] Drone 6 dispatched to zone 3 (MODERATE)
[15:36:30.353] Drone 4 -> REFILLING
[15:36:30.672] Drone 2 -> COMPLETED
[15:36:30.672] Zone 5 extinguished by drone 2
[15:36:30.672] Drone 2 -> RETURNING
[15:36:31.930] Drone 5 -> ARRIVED
[15:36:31.930] Drone 5 reached zone 4
[15:36:31.930] Drone 5 -> DROPPING_AGENT
[15:36:32.354] Drone 4 -> IDLE
[15:36:34.316] Drone 3 -> REFILLING
[15:36:34.568] Drone 6 -> ARRIVED
[15:36:34.568] Drone 6 reached zone 3
[15:36:34.568] Drone 6 -> DROPPING_AGENT
[15:36:35.931] Drone 5 -> COMPLETED
[15:36:35.931] Drone 5 -> RETURNING
[15:36:35.932] Drone 7 dispatched to zone 4 (MODERATE)
[15:36:36.317] Drone 3 -> IDLE
[15:36:38.568] Drone 6 -> COMPLETED
[15:36:38.568] Zone 3 extinguished by drone 6
[15:36:38.568] Drone 6 -> RETURNING
[15:36:39.146] Drone 2 -> REFILLING
[15:36:41.147] Drone 2 -> IDLE
[15:36:43.633] Drone 6 -> REFILLING
[15:36:43.755] Drone 5 -> REFILLING
[15:36:44.107] Drone 7 -> ARRIVED
[15:36:44.107] Drone 7 reached zone 4
[15:36:44.107] Drone 7 -> DROPPING_AGENT
[15:36:45.634] Drone 6 -> IDLE
[15:36:45.756] Drone 5 -> IDLE
[15:36:48.107] Drone 7 -> COMPLETED
[15:36:48.108] Zone 4 extinguished by drone 7
[15:36:48.108] Drone 7 -> RETURNING
[15:36:55.933] Drone 7 -> REFILLING
[15:36:57.374] Fire detected at zone 1 (LOW, remaining 10L)
[15:36:57.375] Drone 8 dispatched to zone 1 (LOW)
[15:36:57.934] Drone 7 -> IDLE
[15:36:59.833] Drone 8 -> ARRIVED
[15:36:59.833] Drone 8 reached zone 1
[15:36:59.833] Drone 8 -> DROPPING_AGENT
[15:37:01.815] Fire detected at zone 2 (LOW, remaining 10L)
[15:37:01.815] Drone 9 dispatched to zone 2 (LOW)
[15:37:03.833] Drone 8 -> COMPLETED
[15:37:03.833] Zone 1 extinguished by drone 8
[15:37:03.833] Drone 8 -> RETURNING
[15:37:06.090] Drone 8 -> REFILLING
[15:37:07.395] Fire detected at zone 4 (HIGH, remaining 30L)
[15:37:07.396] Drone 10 dispatched to zone 4 (HIGH)
[15:37:07.576] Fire detected at zone 5 (HIGH, remaining 30L)
[15:37:07.897] Drone 11 dispatched to zone 5 (HIGH)
[15:37:08.091] Drone 8 -> IDLE
[15:37:08.587] Drone 9 -> ARRIVED
[15:37:08.587] Drone 9 reached zone 2
[15:37:08.587] Drone 9 -> DROPPING_AGENT
[15:37:12.588] Drone 9 -> COMPLETED
[15:37:12.588] Zone 2 extinguished by drone 9
[15:37:12.588] Drone 9 -> RETURNING
[15:37:13.377] Fire detected at zone 3 (HIGH, remaining 30L)
[15:37:13.377] Drone 12 dispatched to zone 3 (HIGH)
[15:37:15.571] Drone 10 -> ARRIVED
[15:37:15.571] Drone 10 reached zone 4
[15:37:15.571] Drone 10 -> DROPPING_AGENT
[15:37:16.775] Drone 11 -> ARRIVED
[15:37:16.775] Drone 11 reached zone 5
[15:37:16.775] Drone 11 -> DROPPING_AGENT
[15:37:18.694] Drone 12 -> ARRIVED
[15:37:18.694] Drone 12 reached zone 3
[15:37:18.694] Drone 12 -> DROPPING_AGENT
[15:37:18.756] Drone 9 -> REFILLING
[15:37:19.572] Drone 10 -> COMPLETED
[15:37:19.572] Drone 10 -> RETURNING
[15:37:19.573] Drone 13 dispatched to zone 4 (HIGH)
[15:37:20.757] Drone 9 -> IDLE
[15:37:20.776] Drone 11 -> COMPLETED
[15:37:20.776] Drone 11 -> RETURNING
[15:37:20.776] Drone 14 dispatched to zone 5 (HIGH)
[15:37:22.695] Drone 12 -> COMPLETED
[15:37:22.695] Drone 12 -> RETURNING
[15:37:22.696] Drone 14 dispatched to zone 3 (HIGH)
[15:37:23.196] Drone 15 dispatched to zone 5 (HIGH)
[15:37:26.341] Drone 14 -> ARRIVED
[15:37:26.341] Drone 14 reached zone 3
[15:37:26.341] Drone 14 -> DROPPING_AGENT
[15:37:27.394] Drone 10 -> REFILLING
[15:37:27.745] Drone 13 -> ARRIVED
[15:37:27.745] Drone 13 reached zone 4
[15:37:27.745] Drone 13 -> DROPPING_AGENT
[15:37:27.760] Drone 12 -> REFILLING
[15:37:29.250] Drone 11 -> REFILLING
[15:37:29.395] Drone 10 -> IDLE
[15:37:29.761] Drone 12 -> IDLE
[15:37:30.342] Drone 14 -> COMPLETED
[15:37:30.342] Zone 3 extinguished by drone 14
[15:37:30.342] Drone 14 -> RETURNING
[15:37:31.251] Drone 11 -> IDLE
[15:37:31.746] Drone 13 -> COMPLETED
[15:37:31.746] Zone 4 extinguished by drone 13
[15:37:31.746] Drone 13 -> RETURNING
[15:37:31.858] Fire detected at zone 1 (LOW, remaining 10L)
[15:37:31.858] Drone 16 dispatched to zone 1 (LOW)
[15:37:32.073] Drone 15 -> ARRIVED
[15:37:32.073] Drone 15 reached zone 5
[15:37:32.073] Drone 15 -> DROPPING_AGENT
[15:37:34.317] Drone 16 -> ARRIVED
[15:37:34.317] Drone 16 reached zone 1
[15:37:34.317] Drone 16 -> DROPPING_AGENT
[15:37:35.407] Drone 14 -> REFILLING
[15:37:36.073] Drone 15 -> COMPLETED
[15:37:36.073] Zone 5 extinguished by drone 15
[15:37:36.074] Drone 15 -> RETURNING
[15:37:37.407] Drone 14 -> IDLE
[15:37:38.318] Drone 16 -> COMPLETED
[15:37:38.318] Zone 1 extinguished by drone 16
[15:37:38.318] Drone 16 -> RETURNING
[15:37:39.570] Drone 13 -> REFILLING
[15:37:40.575] Drone 16 -> REFILLING
[15:37:41.571] Drone 13 -> IDLE
[15:37:42.298] Fire detected at zone 5 (LOW, remaining 10L)
[15:37:42.299] Drone 17 dispatched to zone 5 (LOW)
[15:37:42.575] Drone 16 -> IDLE
[15:37:44.548] Drone 15 -> REFILLING
[15:37:45.039] Fire detected at zone 3 (HIGH, remaining 30L)
[15:37:45.040] Drone 18 dispatched to zone 3 (HIGH)
[15:37:46.549] Drone 15 -> IDLE
[15:37:50.358] Drone 18 -> ARRIVED
[15:37:50.358] Drone 18 reached zone 3
[15:37:50.358] Drone 18 -> DROPPING_AGENT
[15:37:51.177] Drone 17 -> ARRIVED
[15:37:51.177] Drone 17 reached zone 5
[15:37:51.177] Drone 17 -> DROPPING_AGENT
[15:37:54.359] Drone 18 -> COMPLETED
[15:37:54.359] Drone 18 -> RETURNING
[15:37:54.359] Drone 19 dispatched to zone 3 (HIGH)
[15:37:55.178] Drone 17 -> COMPLETED
[15:37:55.178] Zone 5 extinguished by drone 17
[15:37:55.178] Drone 17 -> RETURNING
[15:41:53.704] === Simulation session started ===
[15:41:54.015] === Simulation session started ===
[15:41:56.726] Drone 10 registered on port 7010
[15:41:56.727] Drone 0 registered on port 7000
[15:41:56.727] Drone 5 registered on port 7005
[15:41:56.728] Drone 12 registered on port 7012
[15:41:56.728] Drone 2 registered on port 7002
[15:41:56.728] Drone 9 registered on port 7009
[15:41:56.729] Drone 13 registered on port 7013
[15:41:56.729] Drone 1 registered on port 7001
[15:41:56.729] Drone 4 registered on port 7004
[15:41:56.730] Drone 17 registered on port 7017
[15:41:56.730] Drone 18 registered on port 7018
[15:41:56.730] Drone 11 registered on port 7011
[15:41:56.730] Drone 8 registered on port 7008
[15:41:56.731] Drone 7 registered on port 7007
[15:41:56.731] Drone 14 registered on port 7014
[15:41:56.731] Drone 6 registered on port 7006
[15:41:56.732] Drone 16 registered on port 7016
[15:41:56.732] Drone 15 registered on port 7015
[15:41:56.732] Drone 19 registered on port 7019
[15:41:56.733] Drone 3 registered on port 7003
[15:41:58.707] Fire detected at zone 2 (LOW, remaining 10L)
[15:41:58.713] Drone 0 dispatched to zone 2 (LOW)
[15:42:05.510] Drone 0 -> ARRIVED
[15:42:05.510] Drone 0 reached zone 2
[15:42:05.511] Drone 0 -> DROPPING_AGENT
[15:42:09.511] Drone 0 -> COMPLETED
[15:42:09.512] Zone 2 extinguished by drone 0
[15:42:09.512] Drone 0 -> RETURNING
[15:42:10.843] Fire detected at zone 1 (MODERATE, remaining 20L)
[15:42:10.843] Drone 1 dispatched to zone 1 (MODERATE)
[15:42:11.843] Fire detected at zone 5 (LOW, remaining 10L)
[15:42:11.844] Drone 2 dispatched to zone 5 (LOW)
[15:42:13.304] Drone 1 -> ARRIVED
[15:42:13.304] Drone 1 reached zone 1
[15:42:13.304] Drone 1 -> DROPPING_AGENT
[15:42:13.984] Fire detected at zone 3 (MODERATE, remaining 20L)
[15:42:13.985] Drone 3 dispatched to zone 3 (MODERATE)
[15:42:15.285] Fire detected at zone 4 (MODERATE, remaining 20L)
[15:42:15.286] Drone 4 dispatched to zone 4 (MODERATE)
[15:42:15.687] Drone 0 -> REFILLING
[15:42:17.305] Drone 1 -> COMPLETED
[15:42:17.306] Drone 1 -> RETURNING
[15:42:17.307] Drone 4 dispatched to zone 1 (MODERATE)
[15:42:17.688] Drone 0 -> IDLE
[15:42:17.808] Drone 5 dispatched to zone 4 (MODERATE)
[15:42:18.145] Drone 4 -> ARRIVED
[15:42:18.145] Drone 4 reached zone 1
[15:42:18.146] Drone 4 -> DROPPING_AGENT
[15:42:19.303] Drone 3 -> ARRIVED
[15:42:19.303] Drone 3 reached zone 3
[15:42:19.303] Drone 3 -> DROPPING_AGENT
[15:42:19.561] Drone 1 -> REFILLING
[15:42:20.723] Drone 2 -> ARRIVED
[15:42:20.723] Drone 2 reached zone 5
[15:42:20.723] Drone 2 -> DROPPING_AGENT
[15:42:21.562] Drone 1 -> IDLE
[15:42:22.146] Drone 4 -> COMPLETED
[15:42:22.146] Zone 1 extinguished by drone 4
[15:42:22.146] Drone 4 -> RETURNING
[15:42:23.304] Drone 3 -> COMPLETED
[15:42:23.304] Drone 3 -> RETURNING
[15:42:23.304] Drone 6 dispatched to zone 3 (MODERATE)
[15:42:24.404] Drone 4 -> REFILLING
[15:42:24.724] Drone 2 -> COMPLETED
[15:42:24.724] Zone 5 extinguished by drone 2
[15:42:24.724] Drone 2 -> RETURNING
[15:42:25.983] Drone 5 -> ARRIVED
[15:42:25.983] Drone 5 reached zone 4
[15:42:25.983] Drone 5 -> DROPPING_AGENT
[15:42:26.404] Drone 4 -> IDLE
[15:42:28.370] Drone 3 -> REFILLING
[15:42:28.620] Drone 6 -> ARRIVED
[15:42:28.620] Drone 6 reached zone 3
[15:42:28.620] Drone 6 -> DROPPING_AGENT
[15:42:29.984] Drone 5 -> COMPLETED
[15:42:29.984] Drone 5 -> RETURNING
[15:42:29.984] Drone 7 dispatched to zone 4 (MODERATE)
[15:42:30.371] Drone 3 -> IDLE
[15:42:32.621] Drone 6 -> COMPLETED
[15:42:32.621] Zone 3 extinguished by drone 6
[15:42:32.621] Drone 6 -> RETURNING
[15:42:33.197] Drone 2 -> REFILLING
[15:42:35.198] Drone 2 -> IDLE
[15:42:37.685] Drone 6 -> REFILLING
[15:42:37.807] Drone 5 -> REFILLING
[15:42:38.158] Drone 7 -> ARRIVED
[15:42:38.158] Drone 7 reached zone 4
[15:42:38.158] Drone 7 -> DROPPING_AGENT
[15:42:39.686] Drone 6 -> IDLE
[15:42:39.807] Drone 5 -> IDLE
[15:42:42.159] Drone 7 -> COMPLETED
[15:42:42.159] Zone 4 extinguished by drone 7
[15:42:42.159] Drone 7 -> RETURNING
[15:42:49.985] Drone 7 -> REFILLING
[15:42:51.426] Fire detected at zone 1 (LOW, remaining 10L)
[15:42:51.426] Drone 8 dispatched to zone 1 (LOW)
[15:42:51.985] Drone 7 -> IDLE
[15:42:53.885] Drone 8 -> ARRIVED
[15:42:53.885] Drone 8 reached zone 1
[15:42:53.885] Drone 8 -> DROPPING_AGENT
[15:42:55.867] Fire detected at zone 2 (LOW, remaining 10L)
[15:42:55.867] Drone 9 dispatched to zone 2 (LOW)
[15:42:57.886] Drone 8 -> COMPLETED
[15:42:57.886] Zone 1 extinguished by drone 8
[15:42:57.886] Drone 8 -> RETURNING
[15:43:00.141] Drone 8 -> REFILLING
[15:43:01.447] Fire detected at zone 4 (HIGH, remaining 30L)
[15:43:01.448] Drone 10 dispatched to zone 4 (HIGH)
[15:43:01.628] Fire detected at zone 5 (HIGH, remaining 30L)
[15:43:01.949] Drone 11 dispatched to zone 5 (HIGH)
[15:43:02.142] Drone 8 -> IDLE
[15:43:02.640] Drone 9 -> ARRIVED
[15:43:02.641] Drone 9 reached zone 2
[15:43:02.641] Drone 9 -> DROPPING_AGENT
[15:43:06.641] Drone 9 -> COMPLETED
[15:43:06.641] Zone 2 extinguished by drone 9
[15:43:06.641] Drone 9 -> RETURNING
[15:43:07.429] Fire detected at zone 3 (HIGH, remaining 30L)
[15:43:07.429] Drone 12 dispatched to zone 3 (HIGH)
[15:43:09.624] Drone 10 -> ARRIVED
[15:43:09.624] Drone 10 reached zone 4
[15:43:09.624] Drone 10 -> DROPPING_AGENT
[15:43:10.828] Drone 11 -> ARRIVED
[15:43:10.828] Drone 11 reached zone 5
[15:43:10.828] Drone 11 -> DROPPING_AGENT
[15:43:12.747] Drone 12 -> ARRIVED
[15:43:12.747] Drone 12 reached zone 3
[15:43:12.747] Drone 12 -> DROPPING_AGENT
[15:43:12.808] Drone 9 -> REFILLING
[15:43:13.625] Drone 10 -> COMPLETED
[15:43:13.625] Drone 10 -> RETURNING
[15:43:13.625] Drone 13 dispatched to zone 4 (HIGH)
[15:43:14.808] Drone 9 -> IDLE
[15:43:14.829] Drone 11 -> COMPLETED
[15:43:14.829] Drone 11 -> RETURNING
[15:43:14.829] Drone 14 dispatched to zone 5 (HIGH)
[15:43:16.748] Drone 12 -> COMPLETED
[15:43:16.748] Drone 12 -> RETURNING
[15:43:16.748] Drone 14 dispatched to zone 3 (HIGH)
[15:43:17.249] Drone 15 dispatched to zone 5 (HIGH)
[15:43:20.395] Drone 14 -> ARRIVED
[15:43:20.395] Drone 14 reached zone 3
[15:43:20.395] Drone 14 -> DROPPING_AGENT
[15:43:21.447] Drone 10 -> REFILLING
[15:43:21.798] Drone 13 -> ARRIVED
[15:43:21.798] Drone 13 reached zone 4
[15:43:21.798] Drone 13 -> DROPPING_AGENT
[15:43:21.812] Drone 12 -> REFILLING
[15:43:23.302] Drone 11 -> REFILLING
[15:43:23.448] Drone 10 -> IDLE
[15:43:23.812] Drone 12 -> IDLE
[15:43:24.395] Drone 14 -> COMPLETED
[15:43:24.395] Zone 3 extinguished by drone 14
[15:43:24.395] Drone 14 -> RETURNING
[15:43:25.303] Drone 11 -> IDLE
[15:43:25.799] Drone 13 -> COMPLETED
[15:43:25.799] Zone 4 extinguished by drone 13
[15:43:25.799] Drone 13 -> RETURNING
[15:43:25.909] Fire detected at zone 1 (LOW, remaining 10L)
[15:43:25.910] Drone 16 dispatched to zone 1 (LOW)
[15:43:26.127] Drone 15 -> ARRIVED
[15:43:26.127] Drone 15 reached zone 5
[15:43:26.127] Drone 15 -> DROPPING_AGENT
[15:43:28.368] Drone 16 -> ARRIVED
[15:43:28.368] Drone 16 reached zone 1
[15:43:28.369] Drone 16 -> DROPPING_AGENT
[15:43:29.461] Drone 14 -> REFILLING
[15:43:30.127] Drone 15 -> COMPLETED
[15:43:30.127] Zone 5 extinguished by drone 15
[15:43:30.127] Drone 15 -> RETURNING
[15:43:31.462] Drone 14 -> IDLE
[15:43:32.369] Drone 16 -> COMPLETED
[15:43:32.369] Zone 1 extinguished by drone 16
[15:43:32.369] Drone 16 -> RETURNING
[15:43:33.623] Drone 13 -> REFILLING
[15:43:34.626] Drone 16 -> REFILLING
[15:43:35.624] Drone 13 -> IDLE
[15:43:36.350] Fire detected at zone 5 (LOW, remaining 10L)
[15:43:36.351] Drone 17 dispatched to zone 5 (LOW)
[15:43:36.627] Drone 16 -> IDLE
[15:43:38.606] Drone 15 -> REFILLING
[15:43:39.091] Fire detected at zone 3 (HIGH, remaining 30L)
[15:43:39.091] Drone 18 dispatched to zone 3 (HIGH)
[15:43:40.607] Drone 15 -> IDLE
[15:43:44.411] Drone 18 -> ARRIVED
[15:43:44.411] Drone 18 reached zone 3
[15:43:44.411] Drone 18 -> DROPPING_AGENT
[15:43:45.227] Drone 17 -> ARRIVED
[15:43:45.227] Drone 17 reached zone 5
[15:43:45.227] Drone 17 -> DROPPING_AGENT
[15:43:48.412] Drone 18 -> COMPLETED
[15:43:48.412] Drone 18 -> RETURNING
[15:43:48.413] Drone 19 dispatched to zone 3 (HIGH)
[15:43:49.228] Drone 17 -> COMPLETED
[15:43:49.228] Zone 5 extinguished by drone 17
[15:43:49.228] Drone 17 -> RETURNING
[15:43:53.477] Drone 18 -> REFILLING
[15:43:53.728] Drone 19 -> ARRIVED
[15:43:53.728] Drone 19 reached zone 3
[15:43:53.728] Drone 19 -> DROPPING_AGENT
[15:43:55.478] Drone 18 -> IDLE
[15:43:57.705] Drone 17 -> REFILLING
[15:43:57.729] Drone 19 -> COMPLETED
[15:43:57.729] Zone 3 extinguished by drone 19
[15:43:57.729] Drone 19 -> RETURNING
[15:43:59.706] Drone 17 -> IDLE
[15:44:02.795] Drone 19 -> REFILLING
[15:44:04.772] Fire detected at zone 4 (HIGH, remaining 30L)
[15:44:04.772] Drone 0 dispatched to zone 4 (HIGH)
[15:44:04.796] Drone 19 -> IDLE
[15:44:12.950] Drone 0 -> ARRIVED
[15:44:12.950] Drone 0 reached zone 4
[15:44:12.950] Drone 0 -> DROPPING_AGENT
[15:44:15.572] Fire detected at zone 5 (HIGH, remaining 30L)
[15:44:15.573] Drone 1 dispatched to zone 5 (HIGH)
[15:44:16.951] Drone 0 -> COMPLETED
[15:44:16.951] Drone 0 -> RETURNING
[15:44:16.951] Drone 2 dispatched to zone 4 (HIGH)
[15:44:17.753] Fire detected at zone 2 (HIGH, remaining 30L)
[15:44:17.753] Drone 2 dispatched to zone 2 (HIGH)
[15:44:18.254] Drone 3 dispatched to zone 4 (HIGH)
[15:44:18.933] Fire detected at zone 3 (HIGH, remaining 30L)
[15:44:18.934] Drone 1 dispatched to zone 3 (HIGH)
[15:44:19.434] Drone 5 dispatched to zone 5 (HIGH)
[15:44:20.754] Fire detected at zone 1 (HIGH, remaining 30L)
[15:44:20.755] Drone 3 dispatched to zone 1 (HIGH)
[15:44:21.140] Drone 1 -> ARRIVED
[15:44:21.140] Drone 1 reached zone 3
[15:44:21.140] Drone 1 -> DROPPING_AGENT
[15:44:21.255] Drone 6 dispatched to zone 4 (HIGH)
[15:44:21.614] Drone 3 -> ARRIVED
[15:44:21.614] Drone 3 reached zone 1
[15:44:21.614] Drone 3 -> DROPPING_AGENT
[15:44:23.268] Drone 2 -> ARRIVED
[15:44:23.269] Drone 2 reached zone 2
[15:44:23.269] Drone 2 -> DROPPING_AGENT
[15:44:24.772] Drone 0 -> REFILLING
[15:44:25.141] Drone 1 -> COMPLETED
[15:44:25.141] Drone 1 -> RETURNING
[15:44:25.141] Drone 7 dispatched to zone 3 (HIGH)
[15:44:25.615] Drone 3 -> COMPLETED
[15:44:25.615] Drone 3 -> RETURNING
[15:44:25.642] Drone 7 dispatched to zone 1 (HIGH)
[15:44:26.143] Drone 8 dispatched to zone 3 (HIGH)
[15:44:26.773] Drone 0 -> IDLE
[15:44:27.269] Drone 2 -> COMPLETED
[15:44:27.269] Drone 2 -> RETURNING
[15:44:27.270] Drone 9 dispatched to zone 2 (HIGH)
[15:44:27.871] Drone 3 -> REFILLING
[15:44:28.248] Drone 7 -> ARRIVED
[15:44:28.249] Drone 7 reached zone 1
[15:44:28.249] Drone 7 -> DROPPING_AGENT
[15:44:28.310] Drone 5 -> ARRIVED
[15:44:28.310] Drone 5 reached zone 5
[15:44:28.310] Drone 5 -> DROPPING_AGENT
[15:44:29.425] Drone 6 -> ARRIVED
[15:44:29.425] Drone 6 reached zone 4
[15:44:29.425] Drone 6 -> DROPPING_AGENT
[15:44:29.871] Drone 3 -> IDLE
[15:44:30.203] Drone 1 -> REFILLING
[15:44:31.456] Drone 8 -> ARRIVED
[15:44:31.456] Drone 8 reached zone 3
[15:44:31.456] Drone 8 -> DROPPING_AGENT
[15:44:32.203] Drone 1 -> IDLE
[15:44:32.249] Drone 7 -> COMPLETED
[15:44:32.249] Zone 1 extinguished by drone 7
[15:44:32.249] Drone 7 -> RETURNING
[15:44:32.310] Drone 5 -> COMPLETED
[15:44:32.311] Drone 5 -> RETURNING
[15:44:32.311] Drone 10 dispatched to zone 5 (HIGH)
[15:44:33.426] Drone 6 -> COMPLETED
[15:44:33.426] Zone 4 extinguished by drone 6
[15:44:33.426] Fire detected at zone 4 (LOW, remaining 10L)
[15:44:33.426] Drone 6 -> RETURNING
[15:44:33.426] Drone 11 dispatched to zone 4 (LOW)
[15:44:33.436] Drone 2 -> REFILLING
[15:44:34.037] Drone 9 -> ARRIVED
[15:44:34.037] Drone 9 reached zone 2
[15:44:34.037] Drone 9 -> DROPPING_AGENT
[15:44:34.505] Drone 7 -> REFILLING
[15:44:35.436] Drone 2 -> IDLE
[15:44:35.457] Drone 8 -> COMPLETED
[15:44:35.457] Zone 3 extinguished by drone 8
[15:44:35.457] Drone 8 -> RETURNING
[15:44:36.506] Drone 7 -> IDLE
[15:44:38.038] Drone 9 -> COMPLETED
[15:44:38.039] Zone 2 extinguished by drone 9
[15:44:38.039] Drone 9 -> RETURNING
[15:44:40.519] Drone 8 -> REFILLING
[15:44:40.779] Drone 5 -> REFILLING
[15:44:41.180] Drone 10 -> ARRIVED
[15:44:41.180] Drone 10 reached zone 5
[15:44:41.180] Drone 10 -> DROPPING_AGENT
[15:44:41.244] Drone 6 -> REFILLING
[15:44:41.595] Drone 11 -> ARRIVED
[15:44:41.595] Drone 11 reached zone 4
[15:44:41.595] Drone 11 -> DROPPING_AGENT
[15:44:42.519] Drone 8 -> IDLE
[15:44:42.779] Drone 5 -> IDLE
[15:44:43.245] Drone 6 -> IDLE
[15:44:44.201] Drone 9 -> REFILLING
[15:44:45.180] Drone 10 -> COMPLETED
[15:44:45.181] Zone 5 extinguished by drone 10
[15:44:45.181] Fire detected at zone 5 (HIGH, remaining 30L)
[15:44:45.181] Drone 10 -> RETURNING
[15:44:45.181] Drone 12 dispatched to zone 5 (HIGH)
[15:44:45.596] Drone 11 -> COMPLETED
[15:44:45.596] Zone 4 extinguished by drone 11
[15:44:45.596] Drone 11 -> RETURNING
[15:44:46.202] Drone 9 -> IDLE
[15:44:53.414] Drone 11 -> REFILLING
[15:44:53.651] Drone 10 -> REFILLING
[15:44:54.052] Drone 12 -> ARRIVED
[15:44:54.052] Drone 12 reached zone 5
[15:44:54.052] Drone 12 -> DROPPING_AGENT
[15:44:54.716] Fire detected at zone 2 (LOW, remaining 10L)
[15:44:54.717] Drone 13 dispatched to zone 2 (LOW)
[15:44:55.415] Drone 11 -> IDLE
[15:44:55.652] Drone 10 -> IDLE
[15:44:56.577] Fire detected at zone 3 (MODERATE, remaining 20L)
[15:44:56.577] Drone 15 dispatched to zone 3 (MODERATE)
[15:44:56.778] Fire detected at zone 4 (MODERATE, remaining 20L)
[15:44:57.078] Drone 16 dispatched to zone 4 (MODERATE)
[15:44:58.052] Drone 12 -> COMPLETED
[15:44:58.052] Drone 12 -> RETURNING
[15:44:58.053] Drone 17 dispatched to zone 5 (HIGH)
[15:45:01.489] Drone 13 -> ARRIVED
[15:45:01.489] Drone 13 reached zone 2
[15:45:01.489] Drone 13 -> DROPPING_AGENT
[15:45:01.890] Drone 15 -> ARRIVED
[15:45:01.890] Drone 15 reached zone 3
[15:45:01.890] Drone 15 -> DROPPING_AGENT
[15:45:05.249] Drone 16 -> ARRIVED
[15:45:05.249] Drone 16 reached zone 4
[15:45:05.249] Drone 16 -> DROPPING_AGENT
[15:45:05.489] Drone 13 -> COMPLETED
[15:45:05.489] Zone 2 extinguished by drone 13
[15:45:05.490] Drone 13 -> RETURNING
[15:45:05.890] Drone 15 -> COMPLETED
[15:45:05.890] Drone 15 -> RETURNING
[15:45:05.891] Drone 18 dispatched to zone 3 (MODERATE)
[15:45:06.522] Drone 12 -> REFILLING
[15:45:06.924] Drone 17 -> ARRIVED
[15:45:06.924] Drone 17 reached zone 5
[15:45:06.924] Drone 17 -> DROPPING_AGENT
[15:45:08.523] Drone 12 -> IDLE
[15:45:09.249] Drone 16 -> COMPLETED
[15:45:09.250] Drone 16 -> RETURNING
[15:45:09.250] Drone 19 dispatched to zone 4 (MODERATE)
[15:45:10.924] Drone 17 -> COMPLETED
[15:45:10.925] Zone 5 extinguished by drone 17
[15:45:10.925] Drone 17 -> RETURNING
[15:45:10.954] Drone 15 -> REFILLING
[15:45:11.205] Drone 18 -> ARRIVED
[15:45:11.205] Drone 18 reached zone 3
[15:45:11.205] Drone 18 -> DROPPING_AGENT
[15:45:11.656] Drone 13 -> REFILLING
[15:45:12.955] Drone 15 -> IDLE
[15:45:13.657] Drone 13 -> IDLE
[15:45:15.205] Drone 18 -> COMPLETED
[15:45:15.205] Zone 3 extinguished by drone 18
[15:45:15.205] Drone 18 -> RETURNING
[15:45:17.068] Drone 16 -> REFILLING
[15:45:17.419] Drone 19 -> ARRIVED
[15:45:17.419] Drone 19 reached zone 4
[15:45:17.419] Drone 19 -> DROPPING_AGENT
[15:45:19.069] Drone 16 -> IDLE
[15:45:19.397] Drone 17 -> REFILLING
[15:45:20.270] Drone 18 -> REFILLING
[15:45:21.398] Drone 17 -> IDLE
[15:45:21.420] Drone 19 -> COMPLETED
[15:45:21.420] Zone 4 extinguished by drone 19
[15:45:21.420] Drone 19 -> RETURNING
[15:45:22.270] Drone 18 -> IDLE
[15:45:29.247] Drone 19 -> REFILLING
[15:45:31.248] Drone 19 -> IDLE
[15:45:35.059] Fire detected at zone 2 (LOW, remaining 10L)
[15:45:35.059] Drone 0 dispatched to zone 2 (LOW)
[15:45:37.459] Fire detected at zone 5 (HIGH, remaining 30L)
[15:45:37.460] Drone 4 dispatched to zone 5 (HIGH)
[15:45:41.828] Drone 0 -> ARRIVED
[15:45:41.828] Drone 0 reached zone 2
[15:45:41.829] Drone 0 -> DROPPING_AGENT
[15:45:45.829] Drone 0 -> COMPLETED
[15:45:45.829] Zone 2 extinguished by drone 0
[15:45:45.829] Drone 0 -> RETURNING
[15:45:46.336] Drone 4 -> ARRIVED
[15:45:46.336] Drone 4 reached zone 5
[15:45:46.336] Drone 4 -> DROPPING_AGENT
[15:45:50.336] Drone 4 -> COMPLETED
[15:45:50.336] Drone 4 -> RETURNING
[15:45:50.337] Drone 5 dispatched to zone 5 (HIGH)
[15:45:51.996] Drone 0 -> REFILLING
[15:45:53.996] Drone 0 -> IDLE
[15:45:58.809] Drone 4 -> REFILLING
[15:45:59.210] Drone 5 -> ARRIVED
[15:45:59.210] Drone 5 reached zone 5
[15:45:59.211] Drone 5 -> DROPPING_AGENT
[15:46:00.810] Drone 4 -> IDLE
[15:46:03.211] Drone 5 -> COMPLETED
[15:46:03.211] Zone 5 extinguished by drone 5
[15:46:03.211] Drone 5 -> RETURNING
[15:46:11.685] Drone 5 -> REFILLING
[15:46:13.686] Drone 5 -> IDLE
[15:46:29.400] Fire detected at zone 4 (HIGH, remaining 30L)
[15:46:29.401] Drone 6 dispatched to zone 4 (HIGH)
[15:46:30.981] Fire detected at zone 3 (MODERATE, remaining 20L)
[15:46:30.981] Drone 8 dispatched to zone 3 (MODERATE)
[15:46:31.441] Fire detected at zone 1 (LOW, remaining 10L)
[15:46:31.482] Drone 9 dispatched to zone 1 (LOW)
[15:46:33.938] Drone 9 -> ARRIVED
[15:46:33.938] Drone 9 reached zone 1
[15:46:33.938] Drone 9 -> DROPPING_AGENT
[15:46:36.294] Drone 8 -> ARRIVED
[15:46:36.295] Drone 8 reached zone 3
[15:46:36.295] Drone 8 -> DROPPING_AGENT
[15:46:37.572] Drone 6 -> ARRIVED
[15:46:37.572] Drone 6 reached zone 4
[15:46:37.572] Drone 6 -> DROPPING_AGENT
[15:46:37.939] Drone 9 -> COMPLETED
[15:46:37.939] Zone 1 extinguished by drone 9
[15:46:37.939] Drone 9 -> RETURNING
[15:46:40.194] Drone 9 -> REFILLING
[15:46:40.295] Drone 8 -> COMPLETED
[15:46:40.295] Drone 8 -> RETURNING
[15:46:40.296] Drone 10 dispatched to zone 3 (MODERATE)
[15:46:41.573] Drone 6 -> COMPLETED
[15:46:41.573] Drone 6 -> RETURNING
[15:46:41.573] Drone 11 dispatched to zone 4 (HIGH)
[15:46:42.195] Drone 9 -> IDLE
[15:46:45.355] Drone 8 -> REFILLING
[15:46:45.609] Drone 10 -> ARRIVED
[15:46:45.609] Drone 10 reached zone 3
[15:46:45.609] Drone 10 -> DROPPING_AGENT
[15:46:47.355] Drone 8 -> IDLE
[15:46:48.862] Fire detected at zone 2 (MODERATE, remaining 20L)
[15:46:48.862] Drone 12 dispatched to zone 2 (MODERATE)
[15:46:49.390] Drone 6 -> REFILLING
[15:46:49.610] Drone 10 -> COMPLETED
[15:46:49.610] Zone 3 extinguished by drone 10
[15:46:49.610] Drone 10 -> RETURNING
[15:46:49.741] Drone 11 -> ARRIVED
[15:46:49.741] Drone 11 reached zone 4
[15:46:49.741] Drone 11 -> DROPPING_AGENT
[15:46:51.391] Drone 6 -> IDLE
[15:46:53.742] Drone 11 -> COMPLETED
[15:46:53.742] Zone 4 extinguished by drone 11
[15:46:53.742] Drone 11 -> RETURNING
[15:46:54.673] Drone 10 -> REFILLING
[15:46:55.630] Drone 12 -> ARRIVED
[15:46:55.630] Drone 12 reached zone 2
[15:46:55.631] Drone 12 -> DROPPING_AGENT
[15:46:56.673] Drone 10 -> IDLE
[15:46:59.631] Drone 12 -> COMPLETED
[15:46:59.631] Drone 12 -> RETURNING
[15:46:59.631] Drone 13 dispatched to zone 2 (MODERATE)
[15:47:01.565] Drone 11 -> REFILLING
[15:47:03.566] Drone 11 -> IDLE
[15:47:05.798] Drone 12 -> REFILLING
[15:47:06.400] Drone 13 -> ARRIVED
[15:47:06.400] Drone 13 reached zone 2
[15:47:06.400] Drone 13 -> DROPPING_AGENT
[15:47:07.799] Drone 12 -> IDLE
[15:47:10.401] Drone 13 -> COMPLETED
[15:47:10.401] Zone 2 extinguished by drone 13
[15:47:10.401] Drone 13 -> RETURNING
[15:47:16.567] Drone 13 -> REFILLING
[15:47:18.568] Drone 13 -> IDLE
[15:47:25.663] Fire detected at zone 5 (HIGH, remaining 30L)
[15:47:25.663] Drone 14 dispatched to zone 5 (HIGH)
[15:47:34.539] Drone 14 -> ARRIVED
[15:47:34.539] Drone 14 reached zone 5
[15:47:34.539] Drone 14 -> DROPPING_AGENT
[15:47:38.539] Drone 14 -> COMPLETED
[15:47:38.539] Drone 14 -> RETURNING
[15:47:38.540] Drone 15 dispatched to zone 5 (HIGH)
[15:47:47.010] Drone 14 -> REFILLING
[15:47:47.411] Drone 15 -> ARRIVED
[15:47:47.411] Drone 15 reached zone 5
[15:47:47.411] Drone 15 -> DROPPING_AGENT
[15:47:49.011] Drone 14 -> IDLE
[15:47:51.412] Drone 15 -> COMPLETED
[15:47:51.412] Zone 5 extinguished by drone 15
[15:47:51.412] Drone 15 -> RETURNING
[15:47:51.603] Fire detected at zone 4 (HIGH, remaining 30L)
[15:47:51.604] Drone 16 dispatched to zone 4 (HIGH)
[15:47:51.884] Fire detected at zone 3 (MODERATE, remaining 20L)
[15:47:52.104] Drone 17 dispatched to zone 3 (MODERATE)
[15:47:57.418] Drone 17 -> ARRIVED
[15:47:57.418] Drone 17 reached zone 3
[15:47:57.418] Drone 17 -> DROPPING_AGENT
[15:47:59.774] Drone 16 -> ARRIVED
[15:47:59.774] Drone 16 reached zone 4
[15:47:59.774] Drone 16 -> DROPPING_AGENT
[15:47:59.877] Drone 15 -> REFILLING
[15:48:01.419] Drone 17 -> COMPLETED
[15:48:01.419] Drone 17 -> RETURNING
[15:48:01.419] Drone 18 dispatched to zone 3 (MODERATE)
[15:48:01.878] Drone 15 -> IDLE
[15:48:02.285] Fire detected at zone 2 (LOW, remaining 10L)
[15:48:02.285] Drone 19 dispatched to zone 2 (LOW)
[15:48:03.774] Drone 16 -> COMPLETED
[15:48:03.774] Drone 16 -> RETURNING
[15:48:03.775] Drone 0 dispatched to zone 4 (HIGH)
[15:48:06.480] Drone 17 -> REFILLING
[15:48:06.730] Drone 18 -> ARRIVED
[15:48:06.730] Drone 18 reached zone 3
[15:48:06.730] Drone 18 -> DROPPING_AGENT
[15:48:08.480] Drone 17 -> IDLE
[15:48:09.052] Drone 19 -> ARRIVED
[15:48:09.052] Drone 19 reached zone 2
[15:48:09.052] Drone 19 -> DROPPING_AGENT
[15:48:10.731] Drone 18 -> COMPLETED
[15:48:10.731] Zone 3 extinguished by drone 18
[15:48:10.731] Drone 18 -> RETURNING
[15:48:11.591] Drone 16 -> REFILLING
[15:48:11.942] Drone 0 -> ARRIVED
[15:48:11.942] Drone 0 reached zone 4
[15:48:11.942] Drone 0 -> DROPPING_AGENT
[15:48:13.052] Drone 19 -> COMPLETED
[15:48:13.052] Zone 2 extinguished by drone 19
[15:48:13.052] Drone 19 -> RETURNING
[15:48:13.592] Drone 16 -> IDLE
[15:48:15.794] Drone 18 -> REFILLING
[15:48:15.943] Drone 0 -> COMPLETED
[15:48:15.943] Zone 4 extinguished by drone 0
[15:48:15.943] Drone 0 -> RETURNING
[15:48:17.795] Drone 18 -> IDLE
[15:48:19.217] Drone 19 -> REFILLING
[15:48:20.666] Fire detected at zone 1 (MODERATE, remaining 20L)
[15:48:20.666] Drone 1 dispatched to zone 1 (MODERATE)
[15:48:21.217] Drone 19 -> IDLE
[15:48:21.466] Fire detected at zone 4 (LOW, remaining 10L)
[15:48:21.467] Drone 2 dispatched to zone 4 (LOW)
[15:48:23.122] Drone 1 -> ARRIVED
[15:48:23.122] Drone 1 reached zone 1
[15:48:23.122] Drone 1 -> DROPPING_AGENT
[15:48:23.764] Drone 0 -> REFILLING
[15:48:25.765] Drone 0 -> IDLE
[15:48:27.123] Drone 1 -> COMPLETED
[15:48:27.123] Drone 1 -> RETURNING
[15:48:27.123] Drone 3 dispatched to zone 1 (MODERATE)
[15:48:29.379] Drone 1 -> REFILLING
[15:48:29.579] Drone 3 -> ARRIVED
[15:48:29.579] Drone 3 reached zone 1
[15:48:29.579] Drone 3 -> DROPPING_AGENT
[15:48:29.637] Drone 2 -> ARRIVED
[15:48:29.637] Drone 2 reached zone 4
[15:48:29.637] Drone 2 -> DROPPING_AGENT
[15:48:31.379] Drone 1 -> IDLE
[15:48:33.580] Drone 3 -> COMPLETED
[15:48:33.580] Zone 1 extinguished by drone 3
[15:48:33.580] Fire detected at zone 1 (LOW, remaining 10L)
[15:48:33.580] Drone 3 -> RETURNING
[15:48:33.580] Drone 4 dispatched to zone 1 (LOW)
[15:48:33.638] Drone 2 -> COMPLETED
[15:48:33.638] Zone 4 extinguished by drone 2
[15:48:33.638] Drone 2 -> RETURNING
[15:48:35.836] Drone 3 -> REFILLING
[15:48:36.036] Drone 4 -> ARRIVED
[15:48:36.036] Drone 4 reached zone 1
[15:48:36.036] Drone 4 -> DROPPING_AGENT
[15:48:37.836] Drone 3 -> IDLE
[15:48:40.037] Drone 4 -> COMPLETED
[15:48:40.037] Zone 1 extinguished by drone 4
[15:48:40.037] Drone 4 -> RETURNING
[15:48:41.458] Drone 2 -> REFILLING
[15:48:42.293] Drone 4 -> REFILLING
[15:48:43.458] Drone 2 -> IDLE
[15:48:44.293] Drone 4 -> IDLE
[15:48:53.528] Fire detected at zone 5 (HIGH, remaining 30L)
[15:48:53.528] Drone 5 dispatched to zone 5 (HIGH)
[15:49:00.389] Fire detected at zone 4 (HIGH, remaining 30L)
[15:49:00.389] Drone 6 dispatched to zone 4 (HIGH)
[15:49:02.401] Drone 5 -> ARRIVED
[15:49:02.401] Drone 5 reached zone 5
[15:49:02.401] Drone 5 -> DROPPING_AGENT
[15:49:06.401] Drone 5 -> COMPLETED
[15:49:06.402] Drone 5 -> RETURNING
[15:49:06.402] Drone 7 dispatched to zone 5 (HIGH)
[15:49:08.560] Drone 6 -> ARRIVED
[15:49:08.560] Drone 6 reached zone 4
[15:49:08.560] Drone 6 -> DROPPING_AGENT
[15:49:12.561] Drone 6 -> COMPLETED
[15:49:12.561] Drone 6 -> RETURNING
[15:49:12.561] Drone 8 dispatched to zone 4 (HIGH)
[15:49:14.870] Drone 5 -> REFILLING
[15:49:15.271] Drone 7 -> ARRIVED
[15:49:15.271] Drone 7 reached zone 5
[15:49:15.271] Drone 7 -> DROPPING_AGENT
[15:49:16.870] Drone 5 -> IDLE
[15:49:17.969] Fire detected at zone 2 (LOW, remaining 10L)
[15:49:17.970] Drone 9 dispatched to zone 2 (LOW)
[15:49:19.271] Drone 7 -> COMPLETED
[15:49:19.271] Zone 5 extinguished by drone 7
[15:49:19.271] Drone 7 -> RETURNING
[15:49:20.377] Drone 6 -> REFILLING
[15:49:20.727] Drone 8 -> ARRIVED
[15:49:20.727] Drone 8 reached zone 4
[15:49:20.727] Drone 8 -> DROPPING_AGENT
[15:49:22.377] Drone 6 -> IDLE
[15:49:24.728] Drone 8 -> COMPLETED
[15:49:24.728] Zone 4 extinguished by drone 8
[15:49:24.728] Drone 8 -> RETURNING
[15:49:24.735] Drone 9 -> ARRIVED
[15:49:24.735] Drone 9 reached zone 2
[15:49:24.735] Drone 9 -> DROPPING_AGENT
[15:49:27.743] Drone 7 -> REFILLING
[15:49:28.735] Drone 9 -> COMPLETED
[15:49:28.736] Zone 2 extinguished by drone 9
[15:49:28.736] Drone 9 -> RETURNING
[15:49:29.744] Drone 7 -> IDLE
[15:49:32.010] Fire detected at zone 1 (HIGH, remaining 30L)
[15:49:32.010] Drone 10 dispatched to zone 1 (HIGH)
[15:49:32.546] Drone 8 -> REFILLING
[15:49:34.110] Fire detected at zone 3 (HIGH, remaining 30L)
[15:49:34.111] Drone 11 dispatched to zone 3 (HIGH)
[15:49:34.468] Drone 10 -> ARRIVED
[15:49:34.468] Drone 10 reached zone 1
[15:49:34.468] Drone 10 -> DROPPING_AGENT
[15:49:34.547] Drone 8 -> IDLE
[15:49:34.902] Drone 9 -> REFILLING
[15:49:36.903] Drone 9 -> IDLE
[15:49:38.468] Drone 10 -> COMPLETED
[15:49:38.468] Drone 10 -> RETURNING
[15:49:38.469] Drone 12 dispatched to zone 1 (HIGH)
[15:49:39.425] Drone 11 -> ARRIVED
[15:49:39.425] Drone 11 reached zone 3
[15:49:39.425] Drone 11 -> DROPPING_AGENT
[15:49:40.724] Drone 10 -> REFILLING
[15:49:40.924] Drone 12 -> ARRIVED
[15:49:40.924] Drone 12 reached zone 1
[15:49:40.924] Drone 12 -> DROPPING_AGENT
[15:49:42.724] Drone 10 -> IDLE
[15:49:43.426] Drone 11 -> COMPLETED
[15:49:43.426] Drone 11 -> RETURNING
[15:49:43.427] Drone 13 dispatched to zone 3 (HIGH)
[15:49:43.731] Fire detected at zone 4 (HIGH, remaining 30L)
[15:49:43.927] Drone 14 dispatched to zone 4 (HIGH)
[15:49:44.925] Drone 12 -> COMPLETED
[15:49:44.925] Zone 1 extinguished by drone 12
[15:49:44.925] Drone 12 -> RETURNING
[15:49:47.181] Drone 12 -> REFILLING
[15:49:48.486] Drone 11 -> REFILLING
[15:49:48.737] Drone 13 -> ARRIVED
[15:49:48.737] Drone 13 reached zone 3
[15:49:48.737] Drone 13 -> DROPPING_AGENT
[15:49:49.182] Drone 12 -> IDLE
[15:49:50.486] Drone 11 -> IDLE
[15:49:52.093] Drone 14 -> ARRIVED
[15:49:52.093] Drone 14 reached zone 4
[15:49:52.093] Drone 14 -> DROPPING_AGENT
[15:49:52.737] Drone 13 -> COMPLETED
[15:49:52.737] Zone 3 extinguished by drone 13
[15:49:52.737] Drone 13 -> RETURNING
[15:49:56.094] Drone 14 -> COMPLETED
[15:49:56.094] Drone 14 -> RETURNING
[15:49:56.094] Drone 15 dispatched to zone 4 (HIGH)
[15:49:57.132] Fire detected at zone 3 (LOW, remaining 10L)
[15:49:57.132] Drone 16 dispatched to zone 3 (LOW)
[15:49:57.798] Drone 13 -> REFILLING
[15:49:59.799] Drone 13 -> IDLE
[15:49:59.892] Fire detected at zone 5 (HIGH, remaining 30L)
[15:49:59.893] Drone 17 dispatched to zone 5 (HIGH)
[15:50:00.473] Fire detected at zone 1 (LOW, remaining 10L)
[15:50:00.473] Drone 18 dispatched to zone 1 (LOW)
[15:50:02.445] Drone 16 -> ARRIVED
[15:50:02.445] Drone 16 reached zone 3
[15:50:02.445] Drone 16 -> DROPPING_AGENT
[15:50:02.930] Drone 18 -> ARRIVED
[15:50:02.930] Drone 18 reached zone 1
[15:50:02.930] Drone 18 -> DROPPING_AGENT
[15:50:03.909] Drone 14 -> REFILLING
[15:50:04.260] Drone 15 -> ARRIVED
[15:50:04.260] Drone 15 reached zone 4
[15:50:04.260] Drone 15 -> DROPPING_AGENT
[15:50:05.909] Drone 14 -> IDLE
[15:50:06.445] Drone 16 -> COMPLETED
[15:50:06.446] Zone 3 extinguished by drone 16
[15:50:06.446] Drone 16 -> RETURNING
[15:50:06.930] Drone 18 -> COMPLETED
[15:50:06.930] Zone 1 extinguished by drone 18
[15:50:06.930] Drone 18 -> RETURNING
[15:50:08.260] Drone 15 -> COMPLETED
[15:50:08.260] Zone 4 extinguished by drone 15
[15:50:08.260] Drone 15 -> RETURNING
[15:50:08.765] Drone 17 -> ARRIVED
[15:50:08.765] Drone 17 reached zone 5
[15:50:08.765] Drone 17 -> DROPPING_AGENT
[15:50:09.186] Drone 18 -> REFILLING
[15:50:11.186] Drone 18 -> IDLE
[15:50:11.508] Drone 16 -> REFILLING
[15:50:11.774] Fire detected at zone 2 (HIGH, remaining 30L)
[15:50:11.774] Drone 19 dispatched to zone 2 (HIGH)
[15:50:12.766] Drone 17 -> COMPLETED
[15:50:12.766] Drone 17 -> RETURNING
[15:50:12.766] Drone 0 dispatched to zone 5 (HIGH)
[15:50:13.509] Drone 16 -> IDLE
[15:50:14.854] Fire detected at zone 4 (LOW, remaining 10L)
[15:50:14.854] Drone 1 dispatched to zone 4 (LOW)
[15:50:16.079] Drone 15 -> REFILLING
[15:50:18.079] Drone 15 -> IDLE
[15:50:18.539] Drone 19 -> ARRIVED
[15:50:18.539] Drone 19 reached zone 2
[15:50:18.539] Drone 19 -> DROPPING_AGENT
[15:50:21.235] Drone 17 -> REFILLING
[15:50:21.637] Drone 0 -> ARRIVED
[15:50:21.637] Drone 0 reached zone 5
[15:50:21.637] Drone 0 -> DROPPING_AGENT
[15:50:22.540] Drone 19 -> COMPLETED
[15:50:22.540] Drone 19 -> RETURNING
[15:50:22.540] Drone 2 dispatched to zone 2 (HIGH)
[15:50:23.026] Drone 1 -> ARRIVED
[15:50:23.026] Drone 1 reached zone 4
[15:50:23.026] Drone 1 -> DROPPING_AGENT
[15:50:23.236] Drone 17 -> IDLE
[15:50:25.637] Drone 0 -> COMPLETED
[15:50:25.637] Zone 5 extinguished by drone 0
[15:50:25.637] Drone 0 -> RETURNING
[15:50:27.027] Drone 1 -> COMPLETED
[15:50:27.027] Zone 4 extinguished by drone 1
[15:50:27.027] Drone 1 -> RETURNING
[15:50:28.705] Drone 19 -> REFILLING
[15:50:29.306] Drone 2 -> ARRIVED
[15:50:29.306] Drone 2 reached zone 2
[15:50:29.306] Drone 2 -> DROPPING_AGENT
[15:50:30.705] Drone 19 -> IDLE
[15:50:33.307] Drone 2 -> COMPLETED
[15:50:33.307] Zone 2 extinguished by drone 2
[15:50:33.307] Drone 2 -> RETURNING
[15:50:34.108] Drone 0 -> REFILLING
[15:50:34.846] Drone 1 -> REFILLING
[15:50:36.108] Drone 0 -> IDLE
[15:50:36.847] Drone 1 -> IDLE
[15:50:39.473] Drone 2 -> REFILLING
[15:50:41.474] Drone 2 -> IDLE
[15:50:42.595] Fire detected at zone 1 (MODERATE, remaining 20L)
[15:50:42.596] Drone 3 dispatched to zone 1 (MODERATE)
[15:50:44.956] Fire detected at zone 3 (HIGH, remaining 30L)
[15:50:44.956] Drone 4 dispatched to zone 3 (HIGH)
[15:50:45.052] Drone 3 -> ARRIVED
[15:50:45.052] Drone 3 reached zone 1
[15:50:45.052] Drone 3 -> DROPPING_AGENT
[15:50:49.053] Drone 3 -> COMPLETED
[15:50:49.053] Drone 3 -> RETURNING
[15:50:49.053] Drone 5 dispatched to zone 1 (MODERATE)
[15:50:50.270] Drone 4 -> ARRIVED
[15:50:50.270] Drone 4 reached zone 3
[15:50:50.270] Drone 4 -> DROPPING_AGENT
[15:50:51.308] Drone 3 -> REFILLING
[15:50:51.509] Drone 5 -> ARRIVED
[15:50:51.509] Drone 5 reached zone 1
[15:50:51.509] Drone 5 -> DROPPING_AGENT
[15:50:53.309] Drone 3 -> IDLE
[15:50:54.271] Drone 4 -> COMPLETED
[15:50:54.271] Drone 4 -> RETURNING
[15:50:54.271] Drone 6 dispatched to zone 3 (HIGH)
[15:50:55.510] Drone 5 -> COMPLETED
[15:50:55.510] Zone 1 extinguished by drone 5
[15:50:55.510] Drone 5 -> RETURNING
[15:50:57.765] Drone 5 -> REFILLING
[15:50:59.333] Drone 4 -> REFILLING
[15:50:59.584] Drone 6 -> ARRIVED
[15:50:59.584] Drone 6 reached zone 3
[15:50:59.584] Drone 6 -> DROPPING_AGENT
[15:50:59.766] Drone 5 -> IDLE
[15:51:01.334] Drone 4 -> IDLE
[15:51:03.585] Drone 6 -> COMPLETED
[15:51:03.585] Zone 3 extinguished by drone 6
[15:51:03.585] Drone 6 -> RETURNING
[15:51:08.645] Drone 6 -> REFILLING
[15:51:10.646] Drone 6 -> IDLE
[15:51:24.197] Fire detected at zone 5 (MODERATE, remaining 20L)
[15:51:24.197] Drone 7 dispatched to zone 5 (MODERATE)
[15:51:33.071] Drone 7 -> ARRIVED
[15:51:33.071] Drone 7 reached zone 5
[15:51:33.071] Drone 7 -> DROPPING_AGENT
[15:51:37.072] Drone 7 -> COMPLETED
[15:51:37.072] Drone 7 -> RETURNING
[15:51:37.072] Drone 8 dispatched to zone 5 (MODERATE)
[15:51:45.542] Drone 7 -> REFILLING
[15:51:45.943] Drone 8 -> ARRIVED
[15:51:45.943] Drone 8 reached zone 5
[15:51:45.943] Drone 8 -> DROPPING_AGENT
[15:51:47.543] Drone 7 -> IDLE
[15:51:49.944] Drone 8 -> COMPLETED
[15:51:49.944] Zone 5 extinguished by drone 8
[15:51:49.945] Drone 8 -> RETURNING
[15:51:58.416] Drone 8 -> REFILLING
[15:52:00.417] Drone 8 -> IDLE
[16:23:48.343] === Simulation session started ===
[16:23:48.728] === Simulation session started ===
[16:23:51.362] Drone 1 registered on port 7001
[16:23:51.362] Drone 15 registered on port 7015
[16:23:51.362] Drone 12 registered on port 7012
[16:23:51.362] Drone 3 registered on port 7003
[16:23:51.363] Drone 10 registered on port 7010
[16:23:51.363] Drone 9 registered on port 7009
[16:23:51.363] Drone 7 registered on port 7007
[16:23:51.364] Drone 16 registered on port 7016
[16:23:51.364] Drone 5 registered on port 7005
[16:23:51.364] Drone 19 registered on port 7019
[16:23:51.365] Drone 6 registered on port 7006
[16:23:51.365] Drone 4 registered on port 7004
[16:23:51.365] Drone 18 registered on port 7018
[16:23:51.365] Drone 0 registered on port 7000
[16:23:51.366] Drone 13 registered on port 7013
[16:23:51.366] Drone 8 registered on port 7008
[16:23:51.366] Drone 14 registered on port 7014
[16:23:51.367] Drone 2 registered on port 7002
[16:23:51.367] Drone 11 registered on port 7011
[16:23:51.367] Drone 17 registered on port 7017
[16:23:53.362] Fire detected at zone 2 (LOW, remaining 10L)
[16:23:53.366] Drone 0 dispatched to zone 2 (LOW)
[16:23:56.783] Drone 0 -> ARRIVED
[16:23:56.784] Drone 0 reached zone 2
[16:23:56.784] Drone 0 -> DROPPING_AGENT
[16:24:00.785] Drone 0 -> COMPLETED
[16:24:00.785] Zone 2 extinguished by drone 0
[16:24:00.786] Drone 0 -> RETURNING
[16:24:03.889] Drone 0 -> REFILLING
[16:24:05.499] Fire detected at zone 1 (MODERATE, remaining 20L)
[16:24:05.499] Drone 1 dispatched to zone 1 (MODERATE)
[16:24:05.890] Drone 0 -> IDLE
[16:24:06.499] Fire detected at zone 5 (LOW, remaining 10L)
[16:24:06.499] Drone 2 dispatched to zone 5 (LOW)
[16:24:06.734] Drone 1 -> ARRIVED
[16:24:06.734] Drone 1 reached zone 1
[16:24:06.735] Drone 1 -> DROPPING_AGENT
[16:24:08.640] Fire detected at zone 3 (MODERATE, remaining 20L)
[16:24:08.640] Drone 3 dispatched to zone 3 (MODERATE)
[16:24:09.941] Fire detected at zone 4 (MODERATE, remaining 20L)
[16:24:09.941] Drone 4 dispatched to zone 4 (MODERATE)
[16:24:10.735] Drone 1 -> COMPLETED
[16:24:10.736] Drone 1 -> RETURNING
[16:24:10.737] Drone 4 dispatched to zone 1 (MODERATE)
[16:24:10.954] Drone 2 -> ARRIVED
[16:24:10.955] Drone 2 reached zone 5
[16:24:10.955] Drone 2 -> DROPPING_AGENT
[16:24:11.238] Drone 5 dispatched to zone 4 (MODERATE)
[16:24:11.306] Drone 3 -> ARRIVED
[16:24:11.306] Drone 3 reached zone 3
[16:24:11.306] Drone 3 -> DROPPING_AGENT
[16:24:11.377] Drone 4 -> ARRIVED
[16:24:11.377] Drone 4 reached zone 1
[16:24:11.377] Drone 4 -> DROPPING_AGENT
[16:24:11.866] Drone 1 -> REFILLING
[16:24:13.867] Drone 1 -> IDLE
[16:24:14.955] Drone 2 -> COMPLETED
[16:24:14.955] Zone 5 extinguished by drone 2
[16:24:14.955] Drone 2 -> RETURNING
[16:24:15.307] Drone 3 -> COMPLETED
[16:24:15.307] Drone 3 -> RETURNING
[16:24:15.307] Drone 6 dispatched to zone 3 (MODERATE)
[16:24:15.339] Drone 5 -> ARRIVED
[16:24:15.339] Drone 5 reached zone 4
[16:24:15.339] Drone 5 -> DROPPING_AGENT
[16:24:15.377] Drone 4 -> COMPLETED
[16:24:15.377] Zone 1 extinguished by drone 4
[16:24:15.377] Drone 4 -> RETURNING
[16:24:16.510] Drone 4 -> REFILLING
[16:24:17.846] Drone 3 -> REFILLING
[16:24:17.972] Drone 6 -> ARRIVED
[16:24:17.972] Drone 6 reached zone 3
[16:24:17.972] Drone 6 -> DROPPING_AGENT
[16:24:18.511] Drone 4 -> IDLE
[16:24:19.205] Drone 2 -> REFILLING
[16:24:19.339] Drone 5 -> COMPLETED
[16:24:19.340] Drone 5 -> RETURNING
[16:24:19.340] Drone 7 dispatched to zone 4 (MODERATE)
[16:24:19.847] Drone 3 -> IDLE
[16:24:21.206] Drone 2 -> IDLE
[16:24:21.973] Drone 6 -> COMPLETED
[16:24:21.973] Zone 3 extinguished by drone 6
[16:24:21.973] Drone 6 -> RETURNING
[16:24:23.262] Drone 5 -> REFILLING
[16:24:23.438] Drone 7 -> ARRIVED
[16:24:23.438] Drone 7 reached zone 4
[16:24:23.438] Drone 7 -> DROPPING_AGENT
[16:24:24.516] Drone 6 -> REFILLING
[16:24:25.263] Drone 5 -> IDLE
[16:24:26.517] Drone 6 -> IDLE
[16:24:27.439] Drone 7 -> COMPLETED
[16:24:27.439] Zone 4 extinguished by drone 7
[16:24:27.439] Drone 7 -> RETURNING
[16:24:31.367] Drone 7 -> REFILLING
[16:24:33.368] Drone 7 -> IDLE
[16:24:46.082] Fire detected at zone 1 (LOW, remaining 10L)
[16:24:46.083] Drone 8 dispatched to zone 1 (LOW)
[16:24:47.317] Drone 8 -> ARRIVED
[16:24:47.317] Drone 8 reached zone 1
[16:24:47.317] Drone 8 -> DROPPING_AGENT
[16:24:50.523] Fire detected at zone 2 (LOW, remaining 10L)
[16:24:50.523] Drone 9 dispatched to zone 2 (LOW)
[16:24:51.318] Drone 8 -> COMPLETED
[16:24:51.318] Zone 1 extinguished by drone 8
[16:24:51.318] Drone 8 -> RETURNING
[16:24:52.449] Drone 8 -> REFILLING
[16:24:53.925] Drone 9 -> ARRIVED
[16:24:53.925] Drone 9 reached zone 2
[16:24:53.925] Drone 9 -> DROPPING_AGENT
[16:24:54.450] Drone 8 -> IDLE
[16:24:56.103] Fire detected at zone 4 (HIGH, remaining 30L)
[16:24:56.104] Drone 10 dispatched to zone 4 (HIGH)
[16:24:56.284] Fire detected at zone 5 (HIGH, remaining 30L)
[16:24:56.605] Drone 11 dispatched to zone 5 (HIGH)
[16:24:57.926] Drone 9 -> COMPLETED
[16:24:57.926] Zone 2 extinguished by drone 9
[16:24:57.926] Drone 9 -> RETURNING
[16:25:00.203] Drone 10 -> ARRIVED
[16:25:00.203] Drone 10 reached zone 4
[16:25:00.203] Drone 10 -> DROPPING_AGENT
[16:25:01.016] Drone 9 -> REFILLING
[16:25:01.056] Drone 11 -> ARRIVED
[16:25:01.056] Drone 11 reached zone 5
[16:25:01.056] Drone 11 -> DROPPING_AGENT
[16:25:02.085] Fire detected at zone 3 (HIGH, remaining 30L)
[16:25:02.085] Drone 12 dispatched to zone 3 (HIGH)
[16:25:03.017] Drone 9 -> IDLE
[16:25:04.204] Drone 10 -> COMPLETED
[16:25:04.204] Drone 10 -> RETURNING
[16:25:04.204] Drone 13 dispatched to zone 4 (HIGH)
[16:25:04.752] Drone 12 -> ARRIVED
[16:25:04.752] Drone 12 reached zone 3
[16:25:04.753] Drone 12 -> DROPPING_AGENT
[16:25:05.057] Drone 11 -> COMPLETED
[16:25:05.057] Drone 11 -> RETURNING
[16:25:05.057] Drone 14 dispatched to zone 5 (HIGH)
[16:25:08.123] Drone 10 -> REFILLING
[16:25:08.299] Drone 13 -> ARRIVED
[16:25:08.299] Drone 13 reached zone 4
[16:25:08.299] Drone 13 -> DROPPING_AGENT
[16:25:08.753] Drone 12 -> COMPLETED
[16:25:08.753] Drone 12 -> RETURNING
[16:25:08.754] Drone 15 dispatched to zone 3 (HIGH)
[16:25:09.306] Drone 11 -> REFILLING
[16:25:09.508] Drone 14 -> ARRIVED
[16:25:09.508] Drone 14 reached zone 5
[16:25:09.508] Drone 14 -> DROPPING_AGENT
[16:25:10.125] Drone 10 -> IDLE
[16:25:11.293] Drone 12 -> REFILLING
[16:25:11.307] Drone 11 -> IDLE
[16:25:11.419] Drone 15 -> ARRIVED
[16:25:11.419] Drone 15 reached zone 3
[16:25:11.419] Drone 15 -> DROPPING_AGENT
[16:25:12.300] Drone 13 -> COMPLETED
[16:25:12.300] Zone 4 extinguished by drone 13
[16:25:12.300] Drone 13 -> RETURNING
[16:25:13.294] Drone 12 -> IDLE
[16:25:13.508] Drone 14 -> COMPLETED
[16:25:13.508] Zone 5 extinguished by drone 14
[16:25:13.508] Drone 14 -> RETURNING
[16:25:15.420] Drone 15 -> COMPLETED
[16:25:15.420] Zone 3 extinguished by drone 15
[16:25:15.420] Drone 15 -> RETURNING
[16:25:16.225] Drone 13 -> REFILLING
[16:25:17.760] Drone 14 -> REFILLING
[16:25:17.962] Drone 15 -> REFILLING
[16:25:18.226] Drone 13 -> IDLE
[16:25:19.761] Drone 14 -> IDLE
[16:25:19.962] Drone 15 -> IDLE
[16:25:20.566] Fire detected at zone 1 (LOW, remaining 10L)
[16:25:20.566] Drone 16 dispatched to zone 1 (LOW)
[16:25:21.803] Drone 16 -> ARRIVED
[16:25:21.803] Drone 16 reached zone 1
[16:25:21.803] Drone 16 -> DROPPING_AGENT
[16:25:25.804] Drone 16 -> COMPLETED
[16:25:25.804] Zone 1 extinguished by drone 16
[16:25:25.804] Drone 16 -> RETURNING
[16:25:26.937] Drone 16 -> REFILLING
[16:25:28.938] Drone 16 -> IDLE
[16:25:31.007] Fire detected at zone 5 (LOW, remaining 10L)
[16:25:31.007] Drone 17 dispatched to zone 5 (LOW)
[16:25:33.747] Fire detected at zone 3 (HIGH, remaining 30L)
[16:25:33.748] Drone 18 dispatched to zone 3 (HIGH)
[16:25:35.462] Drone 17 -> ARRIVED
[16:25:35.463] Drone 17 reached zone 5
[16:25:35.463] Drone 17 -> DROPPING_AGENT
[16:25:36.417] Drone 18 -> ARRIVED
[16:25:36.417] Drone 18 reached zone 3
[16:25:36.417] Drone 18 -> DROPPING_AGENT
[16:25:39.464] Drone 17 -> COMPLETED
[16:25:39.464] Zone 5 extinguished by drone 17
[16:25:39.464] Drone 17 -> RETURNING
[16:25:40.418] Drone 18 -> COMPLETED
[16:25:40.418] Drone 18 -> RETURNING
[16:25:40.419] Drone 19 dispatched to zone 3 (HIGH)
[16:25:42.955] Drone 18 -> REFILLING
[16:25:43.081] Drone 19 -> ARRIVED
[16:25:43.081] Drone 19 reached zone 3
[16:25:43.081] Drone 19 -> DROPPING_AGENT
[16:25:43.710] Drone 17 -> REFILLING
[16:25:44.956] Drone 18 -> IDLE
[16:25:45.711] Drone 17 -> IDLE
[16:25:47.082] Drone 19 -> COMPLETED
[16:25:47.082] Zone 3 extinguished by drone 19
[16:25:47.082] Drone 19 -> RETURNING
[16:31:45.269] === Simulation session started ===
[16:31:45.569] === Simulation session started ===
[16:31:48.262] Drone 4 registered on port 7004
[16:31:48.262] Drone 9 registered on port 7009
[16:31:48.262] Drone 10 registered on port 7010
[16:31:48.262] Drone 3 registered on port 7003
[16:31:48.263] Drone 14 registered on port 7014
[16:31:48.263] Drone 8 registered on port 7008
[16:31:48.263] Drone 0 registered on port 7000
[16:31:48.263] Drone 15 registered on port 7015
[16:31:48.263] Drone 6 registered on port 7006
[16:31:48.264] Drone 2 registered on port 7002
[16:31:48.264] Drone 7 registered on port 7007
[16:31:48.264] Drone 1 registered on port 7001
[16:31:48.264] Drone 5 registered on port 7005
[16:31:48.264] Drone 12 registered on port 7012
[16:31:48.265] Drone 19 registered on port 7019
[16:31:48.265] Drone 11 registered on port 7011
[16:31:48.265] Drone 13 registered on port 7013
[16:31:48.265] Drone 16 registered on port 7016
[16:31:48.265] Drone 18 registered on port 7018
[16:31:48.266] Drone 17 registered on port 7017
[16:31:50.281] Fire detected at zone 2 (LOW, remaining 10L)
[16:31:50.285] Drone 0 dispatched to zone 2 (LOW)
[16:31:53.695] Drone 0 -> ARRIVED
[16:31:53.695] Drone 0 reached zone 2
[16:31:53.695] Drone 0 -> DROPPING_AGENT
[16:31:57.696] Drone 0 -> COMPLETED
[16:31:57.696] Zone 2 extinguished by drone 0
[16:31:57.696] Drone 0 -> RETURNING
[16:43:19.597] === Simulation session started ===
[16:43:19.906] === Simulation session started ===
[16:43:24.320] Drone 1 registered on port 7001
[16:43:24.321] Drone 16 registered on port 7016
[16:43:24.321] Drone 9 registered on port 7009
[16:43:24.321] Drone 13 registered on port 7013
[16:43:24.321] Drone 12 registered on port 7012
[16:43:24.322] Drone 17 registered on port 7017
[16:43:24.322] Drone 0 registered on port 7000
[16:43:24.323] Drone 18 registered on port 7018
[16:43:24.323] Drone 19 registered on port 7019
[16:43:24.323] Drone 8 registered on port 7008
[16:43:24.324] Drone 14 registered on port 7014
[16:43:24.324] Drone 10 registered on port 7010
[16:43:24.324] Drone 5 registered on port 7005
[16:43:24.325] Drone 7 registered on port 7007
[16:43:24.325] Drone 4 registered on port 7004
[16:43:24.325] Drone 3 registered on port 7003
[16:43:24.325] Drone 11 registered on port 7011
[16:43:24.326] Drone 2 registered on port 7002
[16:43:24.326] Drone 15 registered on port 7015
[16:43:24.326] Drone 6 registered on port 7006
[16:43:29.335] Fire detected at zone 2 (LOW, remaining 10L)
[16:43:29.338] Drone 0 dispatched to zone 2 (LOW)
[16:43:30.859] Drone 0 -> FAULTED
[16:43:30.862] [FAULT] Drone 0 faulted: DRONE_STUCK
[16:43:30.863] [REASSIGN] Reassigning zone 2 from drone 0
[16:43:30.865] Drone 1 dispatched to zone 2 (LOW)
[16:43:34.267] Drone 1 -> ARRIVED
[16:43:34.267] Drone 1 reached zone 2
[16:43:34.267] Drone 1 -> DROPPING_AGENT
[16:43:38.268] Drone 1 -> COMPLETED
[16:43:38.269] Zone 2 extinguished by drone 1
[16:43:38.269] Drone 1 -> RETURNING
[16:43:40.861] Drone 0 -> IDLE
[16:43:40.861] [RECOVERY] Drone 0 reset and is back in service
[16:43:41.362] Drone 1 -> REFILLING
[16:43:41.471] Fire detected at zone 1 (MODERATE, remaining 20L)
[16:43:41.472] Drone 2 dispatched to zone 1 (MODERATE)
[16:43:42.472] Fire detected at zone 5 (LOW, remaining 10L)
[16:43:42.472] Drone 3 dispatched to zone 5 (LOW)
[16:43:42.474] [FAULT] Drone 3 faulted: PACKET_LOSS
[16:43:42.474] [REASSIGN] Reassigning zone 5 from drone 3
[16:43:42.706] Drone 2 -> ARRIVED
[16:43:42.706] Drone 2 reached zone 1
[16:43:42.706] Drone 2 -> DROPPING_AGENT
[16:43:42.706] Drone 2 -> FAULTED
[16:43:42.707] [FAULT] Drone 2 faulted: NOZZLE_STUCK_CLOSED
[16:43:42.707] [REASSIGN] Reassigning zone 1 from drone 2
[16:43:42.973] Drone 4 dispatched to zone 5 (LOW)
[16:43:43.363] Drone 1 -> IDLE
[16:43:43.474] Drone 5 dispatched to zone 1 (MODERATE)
[16:43:44.612] Fire detected at zone 3 (MODERATE, remaining 20L)
[16:43:44.613] Drone 6 dispatched to zone 3 (MODERATE)
[16:43:44.614] [FAULT] Ignored malformed packet
[16:43:44.614] Drone 6 -> FAULTED
[16:43:44.614] [FAULT] Drone 6 faulted: PACKET_CORRUPTION
[16:43:44.614] [REASSIGN] Reassigning zone 3 from drone 6
[16:43:44.707] Drone 5 -> ARRIVED
[16:43:44.707] Drone 5 reached zone 1
[16:43:44.707] Drone 5 -> DROPPING_AGENT
[16:43:45.113] Drone 7 dispatched to zone 3 (MODERATE)
[16:43:45.913] Fire detected at zone 4 (MODERATE, remaining 20L)
[16:43:45.914] Drone 8 dispatched to zone 4 (MODERATE)
[16:43:45.915] Drone 8 -> FAULTED
[16:43:45.915] [HARD FAULT] Drone 8 shut down: NOZZLE_STUCK_OPEN
[16:43:45.915] [REASSIGN] Reassigning zone 4 from drone 8
[16:43:46.414] Drone 9 dispatched to zone 4 (MODERATE)
[16:43:46.474] Drone 3 -> IDLE
[16:43:46.474] [RECOVERY] Drone 3 reset and is back in service
[16:43:46.706] Drone 2 -> IDLE
[16:43:46.706] [RECOVERY] Drone 2 reset and is back in service
[16:43:47.419] Drone 4 -> ARRIVED
[16:43:47.419] Drone 4 reached zone 5
[16:43:47.420] Drone 4 -> DROPPING_AGENT
[16:43:47.777] Drone 7 -> ARRIVED
[16:43:47.777] Drone 7 reached zone 3
[16:43:47.777] Drone 7 -> DROPPING_AGENT
[16:43:48.614] Drone 6 -> IDLE
[16:43:48.614] [RECOVERY] Drone 6 reset and is back in service
[16:43:48.707] Drone 5 -> COMPLETED
[16:43:48.709] Drone 5 -> RETURNING
[16:43:48.709] Drone 10 dispatched to zone 1 (MODERATE)
[16:43:49.837] Drone 5 -> REFILLING
[16:43:49.941] Drone 10 -> ARRIVED
[16:43:49.941] Drone 10 reached zone 1
[16:43:49.942] Drone 10 -> DROPPING_AGENT
[16:43:50.508] Drone 9 -> ARRIVED
[16:43:50.508] Drone 9 reached zone 4
[16:43:50.508] Drone 9 -> DROPPING_AGENT
[16:43:51.420] Drone 4 -> COMPLETED
[16:43:51.420] Zone 5 extinguished by drone 4
[16:43:51.420] Drone 4 -> RETURNING
[16:43:51.778] Drone 7 -> COMPLETED
[16:43:51.778] Drone 7 -> RETURNING
[16:43:51.778] Drone 11 dispatched to zone 3 (MODERATE)
[16:43:51.838] Drone 5 -> IDLE
[16:43:53.942] Drone 10 -> COMPLETED
[16:43:53.942] Zone 1 extinguished by drone 10
[16:43:53.943] Drone 10 -> RETURNING
[16:43:54.312] Drone 7 -> REFILLING
[16:43:54.439] Drone 11 -> ARRIVED
[16:43:54.439] Drone 11 reached zone 3
[16:43:54.439] Drone 11 -> DROPPING_AGENT
[16:43:54.508] Drone 9 -> COMPLETED
[16:43:54.509] Drone 9 -> RETURNING
[16:43:54.509] Drone 12 dispatched to zone 4 (MODERATE)
[16:43:55.072] Drone 10 -> REFILLING
[16:43:55.663] Drone 4 -> REFILLING
[16:43:56.313] Drone 7 -> IDLE
[16:43:57.073] Drone 10 -> IDLE
[16:43:57.663] Drone 4 -> IDLE
[16:43:58.425] Drone 9 -> REFILLING
[16:43:58.440] Drone 11 -> COMPLETED
[16:43:58.440] Zone 3 extinguished by drone 11
[16:43:58.440] Drone 11 -> RETURNING
[16:43:58.601] Drone 12 -> ARRIVED
[16:43:58.601] Drone 12 reached zone 4
[16:43:58.601] Drone 12 -> DROPPING_AGENT
[16:44:00.426] Drone 9 -> IDLE
[16:44:00.976] Drone 11 -> REFILLING
[16:44:02.602] Drone 12 -> COMPLETED
[16:44:02.602] Zone 4 extinguished by drone 12
[16:44:02.602] Drone 12 -> RETURNING
[16:44:02.977] Drone 11 -> IDLE
[16:44:06.518] Drone 12 -> REFILLING
[16:44:08.519] Drone 12 -> IDLE
[16:44:22.054] Fire detected at zone 1 (LOW, remaining 10L)
[16:44:22.055] Drone 13 dispatched to zone 1 (LOW)
[16:44:23.287] Drone 13 -> ARRIVED
[16:44:23.287] Drone 13 reached zone 1
[16:44:23.287] Drone 13 -> DROPPING_AGENT
[16:44:26.495] Fire detected at zone 2 (LOW, remaining 10L)
[16:44:26.495] Drone 14 dispatched to zone 2 (LOW)
[16:44:27.288] Drone 13 -> COMPLETED
[16:44:27.288] Zone 1 extinguished by drone 13
[16:44:27.288] Drone 13 -> RETURNING
[16:44:28.418] Drone 13 -> REFILLING
[16:44:29.886] Drone 14 -> ARRIVED
[16:44:29.886] Drone 14 reached zone 2
[16:44:29.886] Drone 14 -> DROPPING_AGENT
[16:44:30.419] Drone 13 -> IDLE
[16:44:32.075] Fire detected at zone 4 (HIGH, remaining 30L)
[16:44:32.076] Drone 15 dispatched to zone 4 (HIGH)
[16:44:32.256] Fire detected at zone 5 (HIGH, remaining 30L)
[16:44:32.576] Drone 16 dispatched to zone 5 (HIGH)
[16:44:33.886] Drone 14 -> COMPLETED
[16:44:33.886] Zone 2 extinguished by drone 14
[16:44:33.886] Drone 14 -> RETURNING
[16:44:36.169] Drone 15 -> ARRIVED
[16:44:36.169] Drone 15 reached zone 4
[16:44:36.169] Drone 15 -> DROPPING_AGENT
[16:44:36.973] Drone 14 -> REFILLING
[16:44:37.022] Drone 16 -> ARRIVED
[16:44:37.022] Drone 16 reached zone 5
[16:44:37.022] Drone 16 -> DROPPING_AGENT
[16:44:38.056] Fire detected at zone 3 (HIGH, remaining 30L)
[16:44:38.057] Drone 17 dispatched to zone 3 (HIGH)
[16:44:38.974] Drone 14 -> IDLE
[16:44:40.170] Drone 15 -> COMPLETED
[16:44:40.170] Drone 15 -> RETURNING
[16:44:40.170] Drone 18 dispatched to zone 4 (HIGH)
[16:44:40.719] Drone 17 -> ARRIVED
[16:44:40.719] Drone 17 reached zone 3
[16:44:40.719] Drone 17 -> DROPPING_AGENT
[16:44:41.023] Drone 16 -> COMPLETED
[16:44:41.023] Drone 16 -> RETURNING
[16:44:41.023] Drone 19 dispatched to zone 5 (HIGH)
[16:44:44.085] Drone 15 -> REFILLING
[16:44:44.260] Drone 18 -> ARRIVED
[16:44:44.261] Drone 18 reached zone 4
[16:44:44.261] Drone 18 -> DROPPING_AGENT
[16:44:44.719] Drone 17 -> COMPLETED
[16:44:44.719] Drone 17 -> RETURNING
[16:44:44.720] Drone 0 dispatched to zone 3 (HIGH)
[16:44:45.264] Drone 16 -> REFILLING
[16:44:45.465] Drone 19 -> ARRIVED
[16:44:45.465] Drone 19 reached zone 5
[16:44:45.466] Drone 19 -> DROPPING_AGENT
[16:44:46.086] Drone 15 -> IDLE
[16:44:47.254] Drone 17 -> REFILLING
[16:44:47.265] Drone 16 -> IDLE
[16:44:47.379] Drone 0 -> ARRIVED
[16:44:47.379] Drone 0 reached zone 3
[16:44:47.380] Drone 0 -> DROPPING_AGENT
[16:44:48.261] Drone 18 -> COMPLETED
[16:44:48.262] Zone 4 extinguished by drone 18
[16:44:48.262] Drone 18 -> RETURNING
[16:44:49.255] Drone 17 -> IDLE
[16:44:49.466] Drone 19 -> COMPLETED
[16:44:49.466] Zone 5 extinguished by drone 19
[16:44:49.466] Drone 19 -> RETURNING
[16:44:51.380] Drone 0 -> COMPLETED
[16:44:51.380] Zone 3 extinguished by drone 0
[16:44:51.380] Drone 0 -> RETURNING
[16:44:52.175] Drone 18 -> REFILLING
[16:44:53.707] Drone 19 -> REFILLING
[16:44:53.915] Drone 0 -> REFILLING
[16:44:54.176] Drone 18 -> IDLE
[16:44:55.708] Drone 19 -> IDLE
[16:44:55.916] Drone 0 -> IDLE
[16:44:56.537] Fire detected at zone 1 (LOW, remaining 10L)
[16:44:56.538] Drone 1 dispatched to zone 1 (LOW)
[16:44:57.770] Drone 1 -> ARRIVED
[16:44:57.770] Drone 1 reached zone 1
[16:44:57.770] Drone 1 -> DROPPING_AGENT
[16:45:01.771] Drone 1 -> COMPLETED
[16:45:01.771] Zone 1 extinguished by drone 1
[16:45:01.771] Drone 1 -> RETURNING
[16:45:02.900] Drone 1 -> REFILLING
[16:45:04.901] Drone 1 -> IDLE
[16:45:06.978] Fire detected at zone 5 (LOW, remaining 10L)
[16:45:06.979] Drone 2 dispatched to zone 5 (LOW)
[16:45:09.719] Fire detected at zone 3 (HIGH, remaining 30L)
[16:45:09.719] Drone 3 dispatched to zone 3 (HIGH)
[16:45:11.424] Drone 2 -> ARRIVED
[16:45:11.424] Drone 2 reached zone 5
[16:45:11.424] Drone 2 -> DROPPING_AGENT
[16:45:12.379] Drone 3 -> ARRIVED
[16:45:12.379] Drone 3 reached zone 3
[16:45:12.379] Drone 3 -> DROPPING_AGENT
[16:45:15.425] Drone 2 -> COMPLETED
[16:45:15.425] Zone 5 extinguished by drone 2
[16:45:15.425] Drone 2 -> RETURNING
[16:45:16.380] Drone 3 -> COMPLETED
[16:45:16.380] Drone 3 -> RETURNING
[16:45:16.380] Drone 4 dispatched to zone 3 (HIGH)
[16:45:18.914] Drone 3 -> REFILLING
[16:45:19.039] Drone 4 -> ARRIVED
[16:45:19.040] Drone 4 reached zone 3
[16:45:19.040] Drone 4 -> DROPPING_AGENT
[16:45:19.667] Drone 2 -> REFILLING
[16:45:20.915] Drone 3 -> IDLE
[16:45:21.668] Drone 2 -> IDLE
[16:45:23.040] Drone 4 -> COMPLETED
[16:45:23.040] Zone 3 extinguished by drone 4
[16:45:23.040] Drone 4 -> RETURNING
[16:45:25.577] Drone 4 -> REFILLING
[16:45:27.578] Drone 4 -> IDLE
[16:45:35.400] Fire detected at zone 4 (HIGH, remaining 30L)
[16:45:35.400] Drone 5 dispatched to zone 4 (HIGH)
[16:45:39.492] Drone 5 -> ARRIVED
[16:45:39.492] Drone 5 reached zone 4
[16:45:39.492] Drone 5 -> DROPPING_AGENT
[16:45:43.493] Drone 5 -> COMPLETED
[16:45:43.493] Drone 5 -> RETURNING
[16:45:43.493] Drone 6 dispatched to zone 4 (HIGH)
[16:45:46.200] Fire detected at zone 5 (HIGH, remaining 30L)
[16:45:46.201] Drone 7 dispatched to zone 5 (HIGH)
[16:45:47.406] Drone 5 -> REFILLING
[16:45:47.583] Drone 6 -> ARRIVED
[16:45:47.583] Drone 6 reached zone 4
[16:45:47.583] Drone 6 -> DROPPING_AGENT
[16:45:48.381] Fire detected at zone 2 (HIGH, remaining 30L)
[16:45:48.381] Drone 9 dispatched to zone 2 (HIGH)
[16:45:49.407] Drone 5 -> IDLE
[16:45:49.561] Fire detected at zone 3 (HIGH, remaining 30L)
[16:45:49.562] Drone 10 dispatched to zone 3 (HIGH)
[16:45:50.641] Drone 7 -> ARRIVED
[16:45:50.641] Drone 7 reached zone 5
[16:45:50.641] Drone 7 -> DROPPING_AGENT
[16:45:51.382] Fire detected at zone 1 (HIGH, remaining 30L)
[16:45:51.382] Drone 11 dispatched to zone 1 (HIGH)
[16:45:51.584] Drone 6 -> COMPLETED
[16:45:51.584] Zone 4 extinguished by drone 6
[16:45:51.584] Drone 6 -> RETURNING
[16:45:51.768] Drone 9 -> ARRIVED
[16:45:51.768] Drone 9 reached zone 2
[16:45:51.768] Drone 9 -> DROPPING_AGENT
[16:45:52.221] Drone 10 -> ARRIVED
[16:45:52.221] Drone 10 reached zone 3
[16:45:52.221] Drone 10 -> DROPPING_AGENT
[16:45:52.612] Drone 11 -> ARRIVED
[16:45:52.612] Drone 11 reached zone 1
[16:45:52.612] Drone 11 -> DROPPING_AGENT
[16:45:54.641] Drone 7 -> COMPLETED
[16:45:54.641] Drone 7 -> RETURNING
[16:45:54.642] Drone 12 dispatched to zone 5 (HIGH)
[16:45:55.496] Drone 6 -> REFILLING
[16:45:55.769] Drone 9 -> COMPLETED
[16:45:55.769] Drone 9 -> RETURNING
[16:45:55.769] Drone 13 dispatched to zone 2 (HIGH)
[16:45:56.221] Drone 10 -> COMPLETED
[16:45:56.221] Drone 10 -> RETURNING
[16:45:56.270] Drone 12 dispatched to zone 3 (HIGH)
[16:45:56.613] Drone 11 -> COMPLETED
[16:45:56.613] Drone 11 -> RETURNING
[16:45:56.770] Drone 14 dispatched to zone 5 (HIGH)
[16:45:57.271] Drone 14 dispatched to zone 1 (HIGH)
[16:45:57.351] Drone 12 -> ARRIVED
[16:45:57.351] Drone 12 reached zone 3
[16:45:57.351] Drone 12 -> DROPPING_AGENT
[16:45:57.497] Drone 6 -> IDLE
[16:45:57.563] Fire detected at zone 4 (LOW, remaining 10L)
[16:45:57.743] Drone 11 -> REFILLING
[16:45:57.771] Drone 15 dispatched to zone 5 (HIGH)
[16:45:58.100] Drone 14 -> ARRIVED
[16:45:58.100] Drone 14 reached zone 1
[16:45:58.100] Drone 14 -> DROPPING_AGENT
[16:45:58.272] Drone 16 dispatched to zone 4 (LOW)
[16:45:58.753] Drone 10 -> REFILLING
[16:45:58.854] Drone 9 -> REFILLING
[16:45:58.879] Drone 7 -> REFILLING
[16:45:59.154] Drone 13 -> ARRIVED
[16:45:59.154] Drone 13 reached zone 2
[16:45:59.155] Drone 13 -> DROPPING_AGENT
[16:45:59.743] Drone 11 -> IDLE
[16:46:00.754] Drone 10 -> IDLE
[16:46:00.854] Drone 9 -> IDLE
[16:46:00.880] Drone 7 -> IDLE
[16:46:01.352] Drone 12 -> COMPLETED
[16:46:01.352] Zone 3 extinguished by drone 12
[16:46:01.352] Drone 12 -> RETURNING
[16:46:02.101] Drone 14 -> COMPLETED
[16:46:02.101] Zone 1 extinguished by drone 14
[16:46:02.101] Drone 14 -> RETURNING
[16:46:02.212] Drone 15 -> ARRIVED
[16:46:02.212] Drone 15 reached zone 5
[16:46:02.212] Drone 15 -> DROPPING_AGENT
[16:46:02.362] Drone 16 -> ARRIVED
[16:46:02.362] Drone 16 reached zone 4
[16:46:02.362] Drone 16 -> DROPPING_AGENT
[16:46:03.155] Drone 13 -> COMPLETED
[16:46:03.155] Zone 2 extinguished by drone 13
[16:46:03.155] Drone 13 -> RETURNING
[16:46:03.230] Drone 14 -> REFILLING
[16:46:03.885] Drone 12 -> REFILLING
[16:46:05.230] Drone 14 -> IDLE
[16:46:05.886] Drone 12 -> IDLE
[16:46:06.212] Drone 15 -> COMPLETED
[16:46:06.212] Zone 5 extinguished by drone 15
[16:46:06.213] Fire detected at zone 5 (HIGH, remaining 30L)
[16:46:06.213] Drone 15 -> RETURNING
[16:46:06.213] Drone 17 dispatched to zone 5 (HIGH)
[16:46:06.239] Drone 13 -> REFILLING
[16:46:06.363] Drone 16 -> COMPLETED
[16:46:06.363] Zone 4 extinguished by drone 16
[16:46:06.363] Drone 16 -> RETURNING
[16:46:08.239] Drone 13 -> IDLE
[16:46:10.276] Drone 16 -> REFILLING
[16:46:10.451] Drone 15 -> REFILLING
[16:46:10.654] Drone 17 -> ARRIVED
[16:46:10.654] Drone 17 reached zone 5
[16:46:10.654] Drone 17 -> DROPPING_AGENT
[16:46:12.276] Drone 16 -> IDLE
[16:46:12.452] Drone 15 -> IDLE
[16:46:14.655] Drone 17 -> COMPLETED
[16:46:14.655] Drone 17 -> RETURNING
[16:46:14.656] Drone 18 dispatched to zone 5 (HIGH)
[16:46:18.895] Drone 17 -> REFILLING
[16:46:19.095] Drone 18 -> ARRIVED
[16:46:19.095] Drone 18 reached zone 5
[16:46:19.095] Drone 18 -> DROPPING_AGENT
[16:46:20.896] Drone 17 -> IDLE
[16:46:23.096] Drone 18 -> COMPLETED
[16:46:23.096] Zone 5 extinguished by drone 18
[16:46:23.096] Drone 18 -> RETURNING
[16:46:25.344] Fire detected at zone 2 (LOW, remaining 10L)
[16:46:25.345] Drone 19 dispatched to zone 2 (LOW)
[16:46:27.205] Fire detected at zone 3 (MODERATE, remaining 20L)
[16:46:27.205] Drone 0 dispatched to zone 3 (MODERATE)
[16:46:27.340] Drone 18 -> REFILLING
[16:46:27.406] Fire detected at zone 4 (MODERATE, remaining 20L)
[16:46:27.706] Drone 1 dispatched to zone 4 (MODERATE)
[16:46:28.733] Drone 19 -> ARRIVED
[16:46:28.733] Drone 19 reached zone 2
[16:46:28.733] Drone 19 -> DROPPING_AGENT
[16:46:29.341] Drone 18 -> IDLE
[16:46:29.864] Drone 0 -> ARRIVED
[16:46:29.864] Drone 0 reached zone 3
[16:46:29.864] Drone 0 -> DROPPING_AGENT
[16:46:31.795] Drone 1 -> ARRIVED
[16:46:31.795] Drone 1 reached zone 4
[16:46:31.795] Drone 1 -> DROPPING_AGENT
[16:46:32.734] Drone 19 -> COMPLETED
[16:46:32.734] Zone 2 extinguished by drone 19
[16:46:32.734] Drone 19 -> RETURNING
[16:46:33.865] Drone 0 -> COMPLETED
[16:46:33.865] Drone 0 -> RETURNING
[16:46:33.865] Drone 2 dispatched to zone 3 (MODERATE)
[16:46:35.796] Drone 1 -> COMPLETED
[16:46:35.796] Drone 1 -> RETURNING
[16:46:35.797] Drone 3 dispatched to zone 4 (MODERATE)
[16:46:35.820] Drone 19 -> REFILLING
[16:46:36.398] Drone 0 -> REFILLING
[16:46:36.523] Drone 2 -> ARRIVED
[16:46:36.523] Drone 2 reached zone 3
[16:46:36.523] Drone 2 -> DROPPING_AGENT
[16:46:37.821] Drone 19 -> IDLE
[16:46:38.398] Drone 0 -> IDLE
[16:46:39.709] Drone 1 -> REFILLING
[16:46:39.885] Drone 3 -> ARRIVED
[16:46:39.885] Drone 3 reached zone 4
[16:46:39.885] Drone 3 -> DROPPING_AGENT
[16:46:40.524] Drone 2 -> COMPLETED
[16:46:40.524] Zone 3 extinguished by drone 2
[16:46:40.524] Drone 2 -> RETURNING
[16:46:41.710] Drone 1 -> IDLE
[16:46:43.059] Drone 2 -> REFILLING
[16:46:43.886] Drone 3 -> COMPLETED
[16:46:43.886] Zone 4 extinguished by drone 3
[16:46:43.886] Drone 3 -> RETURNING
[16:46:45.059] Drone 2 -> IDLE
[16:46:47.805] Drone 3 -> REFILLING
[16:46:49.806] Drone 3 -> IDLE
[16:47:05.686] Fire detected at zone 2 (LOW, remaining 10L)
[16:47:05.687] Drone 4 dispatched to zone 2 (LOW)
[16:47:08.087] Fire detected at zone 5 (HIGH, remaining 30L)
[16:47:08.088] Drone 5 dispatched to zone 5 (HIGH)
[16:47:09.075] Drone 4 -> ARRIVED
[16:47:09.075] Drone 4 reached zone 2
[16:47:09.075] Drone 4 -> DROPPING_AGENT
[16:47:12.528] Drone 5 -> ARRIVED
[16:47:12.528] Drone 5 reached zone 5
[16:47:12.528] Drone 5 -> DROPPING_AGENT
[16:47:13.076] Drone 4 -> COMPLETED
[16:47:13.076] Zone 2 extinguished by drone 4
[16:47:13.076] Drone 4 -> RETURNING
[16:47:16.164] Drone 4 -> REFILLING
[16:47:16.528] Drone 5 -> COMPLETED
[16:47:16.529] Drone 5 -> RETURNING
[16:47:16.529] Drone 6 dispatched to zone 5 (HIGH)
[16:47:18.165] Drone 4 -> IDLE
[16:47:20.768] Drone 5 -> REFILLING
[16:47:20.968] Drone 6 -> ARRIVED
[16:47:20.968] Drone 6 reached zone 5
[16:47:20.968] Drone 6 -> DROPPING_AGENT
[16:47:22.769] Drone 5 -> IDLE
[16:47:24.969] Drone 6 -> COMPLETED
[16:47:24.969] Zone 5 extinguished by drone 6
[16:47:24.969] Drone 6 -> RETURNING
[16:47:29.206] Drone 6 -> REFILLING
[16:47:31.207] Drone 6 -> IDLE
[16:48:00.028] Fire detected at zone 4 (HIGH, remaining 30L)
[16:48:00.029] Drone 7 dispatched to zone 4 (HIGH)
[16:48:01.609] Fire detected at zone 3 (MODERATE, remaining 20L)
[16:48:01.609] Drone 9 dispatched to zone 3 (MODERATE)
[16:48:02.069] Fire detected at zone 1 (LOW, remaining 10L)
[16:48:02.110] Drone 10 dispatched to zone 1 (LOW)
[16:48:03.339] Drone 10 -> ARRIVED
[16:48:03.340] Drone 10 reached zone 1
[16:48:03.340] Drone 10 -> DROPPING_AGENT
[16:48:04.120] Drone 7 -> ARRIVED
[16:48:04.120] Drone 7 reached zone 4
[16:48:04.120] Drone 7 -> DROPPING_AGENT
[16:48:04.269] Drone 9 -> ARRIVED
[16:48:04.269] Drone 9 reached zone 3
[16:48:04.269] Drone 9 -> DROPPING_AGENT
[16:48:07.340] Drone 10 -> COMPLETED
[16:48:07.340] Zone 1 extinguished by drone 10
[16:48:07.340] Drone 10 -> RETURNING
[16:48:08.121] Drone 7 -> COMPLETED
[16:48:08.121] Drone 7 -> RETURNING
[16:48:08.121] Drone 11 dispatched to zone 4 (HIGH)
[16:48:08.270] Drone 9 -> COMPLETED
[16:48:08.270] Drone 9 -> RETURNING
[16:48:08.470] Drone 10 -> REFILLING
[16:48:08.621] Drone 13 dispatched to zone 3 (MODERATE)
[16:48:10.470] Drone 10 -> IDLE
[16:48:10.804] Drone 9 -> REFILLING
[16:48:11.280] Drone 13 -> ARRIVED
[16:48:11.280] Drone 13 reached zone 3
[16:48:11.280] Drone 13 -> DROPPING_AGENT
[16:48:12.033] Drone 7 -> REFILLING
[16:48:12.210] Drone 11 -> ARRIVED
[16:48:12.210] Drone 11 reached zone 4
[16:48:12.210] Drone 11 -> DROPPING_AGENT
[16:48:12.805] Drone 9 -> IDLE
[16:48:14.033] Drone 7 -> IDLE
[16:48:15.280] Drone 13 -> COMPLETED
[16:48:15.281] Zone 3 extinguished by drone 13
[16:48:15.281] Drone 13 -> RETURNING
[16:48:16.211] Drone 11 -> COMPLETED
[16:48:16.211] Zone 4 extinguished by drone 11
[16:48:16.211] Drone 11 -> RETURNING
[16:48:17.814] Drone 13 -> REFILLING
[16:48:19.490] Fire detected at zone 2 (MODERATE, remaining 20L)
[16:48:19.490] Drone 15 dispatched to zone 2 (MODERATE)
[16:48:19.814] Drone 13 -> IDLE
[16:48:20.127] Drone 11 -> REFILLING
[16:48:22.127] Drone 11 -> IDLE
[16:48:22.882] Drone 15 -> ARRIVED
[16:48:22.882] Drone 15 reached zone 2
[16:48:22.882] Drone 15 -> DROPPING_AGENT
[16:48:26.883] Drone 15 -> COMPLETED
[16:48:26.883] Drone 15 -> RETURNING
[16:48:26.883] Drone 16 dispatched to zone 2 (MODERATE)
[16:48:29.972] Drone 15 -> REFILLING
[16:48:30.271] Drone 16 -> ARRIVED
[16:48:30.271] Drone 16 reached zone 2
[16:48:30.271] Drone 16 -> DROPPING_AGENT
[16:48:31.973] Drone 15 -> IDLE
[16:48:34.272] Drone 16 -> COMPLETED
[16:48:34.272] Zone 2 extinguished by drone 16
[16:48:34.272] Drone 16 -> RETURNING
[16:48:37.360] Drone 16 -> REFILLING
[16:48:39.361] Drone 16 -> IDLE
[16:48:56.291] Fire detected at zone 5 (HIGH, remaining 30L)
[16:48:56.292] Drone 17 dispatched to zone 5 (HIGH)
[16:49:00.735] Drone 17 -> ARRIVED
[16:49:00.735] Drone 17 reached zone 5
[16:49:00.735] Drone 17 -> DROPPING_AGENT
[16:49:04.736] Drone 17 -> COMPLETED
[16:49:04.736] Drone 17 -> RETURNING
[16:49:04.736] Drone 18 dispatched to zone 5 (HIGH)
[16:49:08.977] Drone 17 -> REFILLING
[16:49:09.177] Drone 18 -> ARRIVED
[16:49:09.177] Drone 18 reached zone 5
[16:49:09.177] Drone 18 -> DROPPING_AGENT
[16:49:10.978] Drone 17 -> IDLE
[16:49:13.178] Drone 18 -> COMPLETED
[16:49:13.178] Zone 5 extinguished by drone 18
[16:49:13.178] Drone 18 -> RETURNING
[16:49:17.419] Drone 18 -> REFILLING
[16:49:19.420] Drone 18 -> IDLE
[16:49:22.232] Fire detected at zone 4 (HIGH, remaining 30L)
[16:49:22.232] Drone 19 dispatched to zone 4 (HIGH)
[16:49:22.512] Fire detected at zone 3 (MODERATE, remaining 20L)
[16:49:22.733] Drone 0 dispatched to zone 3 (MODERATE)
[16:49:25.392] Drone 0 -> ARRIVED
[16:49:25.392] Drone 0 reached zone 3
[16:49:25.393] Drone 0 -> DROPPING_AGENT
[16:49:26.321] Drone 19 -> ARRIVED
[16:49:26.321] Drone 19 reached zone 4
[16:49:26.321] Drone 19 -> DROPPING_AGENT
[16:49:29.394] Drone 0 -> COMPLETED
[16:49:29.394] Drone 0 -> RETURNING
[16:49:29.395] Drone 1 dispatched to zone 3 (MODERATE)
[16:49:30.321] Drone 19 -> COMPLETED
[16:49:30.321] Drone 19 -> RETURNING
[16:49:30.322] Drone 2 dispatched to zone 4 (HIGH)
[16:49:31.926] Drone 0 -> REFILLING
[16:49:32.053] Drone 1 -> ARRIVED
[16:49:32.053] Drone 1 reached zone 3
[16:49:32.054] Drone 1 -> DROPPING_AGENT
[16:49:32.913] Fire detected at zone 2 (LOW, remaining 10L)
[16:49:32.913] Drone 3 dispatched to zone 2 (LOW)
[16:49:33.927] Drone 0 -> IDLE
[16:49:34.234] Drone 19 -> REFILLING
[16:49:34.411] Drone 2 -> ARRIVED
[16:49:34.411] Drone 2 reached zone 4
[16:49:34.411] Drone 2 -> DROPPING_AGENT
[16:49:36.054] Drone 1 -> COMPLETED
[16:49:36.054] Zone 3 extinguished by drone 1
[16:49:36.054] Drone 1 -> RETURNING
[16:49:36.235] Drone 19 -> IDLE
[16:49:36.302] Drone 3 -> ARRIVED
[16:49:36.302] Drone 3 reached zone 2
[16:49:36.302] Drone 3 -> DROPPING_AGENT
[16:49:38.412] Drone 2 -> COMPLETED
[16:49:38.412] Zone 4 extinguished by drone 2
[16:49:38.412] Drone 2 -> RETURNING
[16:49:38.590] Drone 1 -> REFILLING
[16:49:40.303] Drone 3 -> COMPLETED
[16:49:40.303] Zone 2 extinguished by drone 3
[16:49:40.303] Drone 3 -> RETURNING
[16:49:40.589] Drone 1 -> IDLE
[16:49:42.326] Drone 2 -> REFILLING
[16:49:43.391] Drone 3 -> REFILLING
[16:49:44.327] Drone 2 -> IDLE
[16:49:45.391] Drone 3 -> IDLE
[16:49:51.294] Fire detected at zone 1 (MODERATE, remaining 20L)
[16:49:51.294] Drone 4 dispatched to zone 1 (MODERATE)
[16:49:52.094] Fire detected at zone 4 (LOW, remaining 10L)
[16:49:52.095] Drone 5 dispatched to zone 4 (LOW)
[16:49:52.525] Drone 4 -> ARRIVED
[16:49:52.525] Drone 4 reached zone 1
[16:49:52.525] Drone 4 -> DROPPING_AGENT
[16:49:56.185] Drone 5 -> ARRIVED
[16:49:56.185] Drone 5 reached zone 4
[16:49:56.185] Drone 5 -> DROPPING_AGENT
[16:49:56.525] Drone 4 -> COMPLETED
[16:49:56.525] Drone 4 -> RETURNING
[16:49:56.526] Drone 6 dispatched to zone 1 (MODERATE)
[16:49:57.654] Drone 4 -> REFILLING
[16:49:57.756] Drone 6 -> ARRIVED
[16:49:57.756] Drone 6 reached zone 1
[16:49:57.756] Drone 6 -> DROPPING_AGENT
[16:49:59.655] Drone 4 -> IDLE
[16:50:00.186] Drone 5 -> COMPLETED
[16:50:00.186] Zone 4 extinguished by drone 5
[16:50:00.187] Drone 5 -> RETURNING
[16:50:01.756] Drone 6 -> COMPLETED
[16:50:01.756] Zone 1 extinguished by drone 6
[16:50:01.756] Fire detected at zone 1 (LOW, remaining 10L)
[16:50:01.756] Drone 6 -> RETURNING
[16:50:01.757] Drone 7 dispatched to zone 1 (LOW)
[16:50:02.885] Drone 6 -> REFILLING
[16:50:02.987] Drone 7 -> ARRIVED
[16:50:02.987] Drone 7 reached zone 1
[16:50:02.987] Drone 7 -> DROPPING_AGENT
[16:50:04.100] Drone 5 -> REFILLING
[16:50:04.885] Drone 6 -> IDLE
[16:50:06.101] Drone 5 -> IDLE
[16:50:06.988] Drone 7 -> COMPLETED
[16:50:06.988] Zone 1 extinguished by drone 7
[16:50:06.988] Drone 7 -> RETURNING
[16:50:08.117] Drone 7 -> REFILLING
[16:50:10.118] Drone 7 -> IDLE
[16:50:24.156] Fire detected at zone 5 (HIGH, remaining 30L)
[16:50:24.156] Drone 9 dispatched to zone 5 (HIGH)
[16:50:28.597] Drone 9 -> ARRIVED
[16:50:28.597] Drone 9 reached zone 5
[16:50:28.597] Drone 9 -> DROPPING_AGENT
[16:50:31.017] Fire detected at zone 4 (HIGH, remaining 30L)
[16:50:31.017] Drone 10 dispatched to zone 4 (HIGH)
[16:50:32.598] Drone 9 -> COMPLETED
[16:50:32.598] Drone 9 -> RETURNING
[16:50:32.598] Drone 11 dispatched to zone 5 (HIGH)
[16:50:35.105] Drone 10 -> ARRIVED
[16:50:35.105] Drone 10 reached zone 4
[16:50:35.105] Drone 10 -> DROPPING_AGENT
[16:50:36.836] Drone 9 -> REFILLING
[16:50:37.036] Drone 11 -> ARRIVED
[16:50:37.036] Drone 11 reached zone 5
[16:50:37.036] Drone 11 -> DROPPING_AGENT
[16:50:38.837] Drone 9 -> IDLE
[16:50:39.106] Drone 10 -> COMPLETED
[16:50:39.106] Drone 10 -> RETURNING
[16:50:39.106] Drone 12 dispatched to zone 4 (HIGH)
[16:50:41.037] Drone 11 -> COMPLETED
[16:50:41.037] Zone 5 extinguished by drone 11
[16:50:41.037] Drone 11 -> RETURNING
[16:50:43.016] Drone 10 -> REFILLING
[16:50:43.193] Drone 12 -> ARRIVED
[16:50:43.194] Drone 12 reached zone 4
[16:50:43.194] Drone 12 -> DROPPING_AGENT
[16:50:45.017] Drone 10 -> IDLE
[16:50:45.278] Drone 11 -> REFILLING
[16:50:47.194] Drone 12 -> COMPLETED
[16:50:47.194] Zone 4 extinguished by drone 12
[16:50:47.194] Drone 12 -> RETURNING
[16:50:47.278] Drone 11 -> IDLE
[16:50:48.597] Fire detected at zone 2 (LOW, remaining 10L)
[16:50:48.598] Drone 13 dispatched to zone 2 (LOW)
[16:50:51.107] Drone 12 -> REFILLING
[16:50:51.987] Drone 13 -> ARRIVED
[16:50:51.987] Drone 13 reached zone 2
[16:50:51.987] Drone 13 -> DROPPING_AGENT
[16:50:53.107] Drone 12 -> IDLE
[16:50:55.988] Drone 13 -> COMPLETED
[16:50:55.988] Zone 2 extinguished by drone 13
[16:50:55.988] Drone 13 -> RETURNING
[16:50:59.075] Drone 13 -> REFILLING
[16:51:01.076] Drone 13 -> IDLE
[16:51:02.638] Fire detected at zone 1 (HIGH, remaining 30L)
[16:51:02.639] Drone 14 dispatched to zone 1 (HIGH)
[16:51:03.868] Drone 14 -> ARRIVED
[16:51:03.868] Drone 14 reached zone 1
[16:51:03.868] Drone 14 -> DROPPING_AGENT
[16:51:04.739] Fire detected at zone 3 (HIGH, remaining 30L)
[16:51:04.739] Drone 15 dispatched to zone 3 (HIGH)
[16:51:07.399] Drone 15 -> ARRIVED
[16:51:07.399] Drone 15 reached zone 3
[16:51:07.400] Drone 15 -> DROPPING_AGENT
[16:51:07.869] Drone 14 -> COMPLETED
[16:51:07.869] Drone 14 -> RETURNING
[16:51:07.869] Drone 16 dispatched to zone 1 (HIGH)
[16:51:08.998] Drone 14 -> REFILLING
[16:51:09.098] Drone 16 -> ARRIVED
[16:51:09.098] Drone 16 reached zone 1
[16:51:09.098] Drone 16 -> DROPPING_AGENT
[16:51:10.998] Drone 14 -> IDLE
[16:51:11.400] Drone 15 -> COMPLETED
[16:51:11.400] Drone 15 -> RETURNING
[16:51:11.401] Drone 17 dispatched to zone 3 (HIGH)
[16:51:13.098] Drone 16 -> COMPLETED
[16:51:13.099] Zone 1 extinguished by drone 16
[16:51:13.099] Drone 16 -> RETURNING
[16:51:13.934] Drone 15 -> REFILLING
[16:51:14.060] Drone 17 -> ARRIVED
[16:51:14.060] Drone 17 reached zone 3
[16:51:14.060] Drone 17 -> DROPPING_AGENT
[16:51:14.229] Drone 16 -> REFILLING
[16:51:14.359] Fire detected at zone 4 (HIGH, remaining 30L)
[16:51:14.360] Drone 18 dispatched to zone 4 (HIGH)
[16:51:15.935] Drone 15 -> IDLE
[16:51:16.229] Drone 16 -> IDLE
[16:51:18.060] Drone 17 -> COMPLETED
[16:51:18.060] Zone 3 extinguished by drone 17
[16:51:18.060] Drone 17 -> RETURNING
[16:51:18.450] Drone 18 -> ARRIVED
[16:51:18.450] Drone 18 reached zone 4
[16:51:18.450] Drone 18 -> DROPPING_AGENT
[16:51:20.597] Drone 17 -> REFILLING
[16:51:22.451] Drone 18 -> COMPLETED
[16:51:22.451] Drone 18 -> RETURNING
[16:51:22.451] Drone 19 dispatched to zone 4 (HIGH)
[16:51:22.597] Drone 17 -> IDLE
[16:51:26.365] Drone 18 -> REFILLING
[16:51:26.541] Drone 19 -> ARRIVED
[16:51:26.541] Drone 19 reached zone 4
[16:51:26.541] Drone 19 -> DROPPING_AGENT
[16:51:27.760] Fire detected at zone 3 (LOW, remaining 10L)
[16:51:27.760] Drone 0 dispatched to zone 3 (LOW)
[16:51:28.366] Drone 18 -> IDLE
[16:51:30.420] Drone 0 -> ARRIVED
[16:51:30.420] Drone 0 reached zone 3
[16:51:30.420] Drone 0 -> DROPPING_AGENT
[16:51:30.521] Fire detected at zone 5 (HIGH, remaining 30L)
[16:51:30.521] Drone 1 dispatched to zone 5 (HIGH)
[16:51:30.542] Drone 19 -> COMPLETED
[16:51:30.542] Zone 4 extinguished by drone 19
[16:51:30.542] Drone 19 -> RETURNING
[16:51:31.101] Fire detected at zone 1 (LOW, remaining 10L)
[16:51:31.101] Drone 2 dispatched to zone 1 (LOW)
[16:51:32.331] Drone 2 -> ARRIVED
[16:51:32.331] Drone 2 reached zone 1
[16:51:32.331] Drone 2 -> DROPPING_AGENT
[16:51:34.421] Drone 0 -> COMPLETED
[16:51:34.421] Zone 3 extinguished by drone 0
[16:51:34.421] Drone 0 -> RETURNING
[16:51:34.457] Drone 19 -> REFILLING
[16:51:34.960] Drone 1 -> ARRIVED
[16:51:34.960] Drone 1 reached zone 5
[16:51:34.960] Drone 1 -> DROPPING_AGENT
[16:51:36.331] Drone 2 -> COMPLETED
[16:51:36.331] Zone 1 extinguished by drone 2
[16:51:36.331] Drone 2 -> RETURNING
[16:51:36.457] Drone 19 -> IDLE
[16:51:36.956] Drone 0 -> REFILLING
[16:51:37.459] Drone 2 -> REFILLING
[16:51:38.956] Drone 0 -> IDLE
[16:51:38.961] Drone 1 -> COMPLETED
[16:51:38.961] Drone 1 -> RETURNING
[16:51:38.961] Drone 3 dispatched to zone 5 (HIGH)
[16:51:39.460] Drone 2 -> IDLE
[16:51:42.402] Fire detected at zone 2 (HIGH, remaining 30L)
[16:51:42.402] Drone 4 dispatched to zone 2 (HIGH)
[16:51:43.200] Drone 1 -> REFILLING
[16:51:43.401] Drone 3 -> ARRIVED
[16:51:43.401] Drone 3 reached zone 5
[16:51:43.401] Drone 3 -> DROPPING_AGENT
[16:51:45.201] Drone 1 -> IDLE
[16:51:45.483] Fire detected at zone 4 (LOW, remaining 10L)
[16:51:45.483] Drone 5 dispatched to zone 4 (LOW)
[16:51:45.793] Drone 4 -> ARRIVED
[16:51:45.793] Drone 4 reached zone 2
[16:51:45.793] Drone 4 -> DROPPING_AGENT
[16:51:47.401] Drone 3 -> COMPLETED
[16:51:47.401] Zone 5 extinguished by drone 3
[16:51:47.401] Drone 3 -> RETURNING
[16:51:49.574] Drone 5 -> ARRIVED
[16:51:49.574] Drone 5 reached zone 4
[16:51:49.574] Drone 5 -> DROPPING_AGENT
[16:51:49.793] Drone 4 -> COMPLETED
[16:51:49.793] Drone 4 -> RETURNING
[16:51:49.793] Drone 6 dispatched to zone 2 (HIGH)
[16:51:51.643] Drone 3 -> REFILLING
[16:51:52.878] Drone 4 -> REFILLING
[16:51:53.179] Drone 6 -> ARRIVED
[16:51:53.179] Drone 6 reached zone 2
[16:51:53.179] Drone 6 -> DROPPING_AGENT
[16:51:53.575] Drone 5 -> COMPLETED
[16:51:53.575] Zone 4 extinguished by drone 5
[16:51:53.575] Drone 5 -> RETURNING
[16:51:53.643] Drone 3 -> IDLE
[16:51:54.879] Drone 4 -> IDLE
[16:51:57.180] Drone 6 -> COMPLETED
[16:51:57.180] Zone 2 extinguished by drone 6
[16:51:57.180] Drone 6 -> RETURNING
[16:51:57.492] Drone 5 -> REFILLING
[16:51:59.493] Drone 5 -> IDLE
[16:52:00.265] Drone 6 -> REFILLING
[16:52:02.266] Drone 6 -> IDLE
[16:52:13.224] Fire detected at zone 1 (MODERATE, remaining 20L)
[16:52:13.224] Drone 7 dispatched to zone 1 (MODERATE)
[16:52:14.456] Drone 7 -> ARRIVED
[16:52:14.456] Drone 7 reached zone 1
[16:52:14.456] Drone 7 -> DROPPING_AGENT
[16:52:15.584] Fire detected at zone 3 (HIGH, remaining 30L)
[16:52:15.585] Drone 9 dispatched to zone 3 (HIGH)
[16:52:18.245] Drone 9 -> ARRIVED
[16:52:18.245] Drone 9 reached zone 3
[16:52:18.245] Drone 9 -> DROPPING_AGENT
[16:52:18.456] Drone 7 -> COMPLETED
[16:52:18.457] Drone 7 -> RETURNING
[16:52:18.457] Drone 10 dispatched to zone 1 (MODERATE)
[16:52:19.586] Drone 7 -> REFILLING
[16:52:19.686] Drone 10 -> ARRIVED
[16:52:19.686] Drone 10 reached zone 1
[16:52:19.686] Drone 10 -> DROPPING_AGENT
[16:52:21.587] Drone 7 -> IDLE
[16:52:22.245] Drone 9 -> COMPLETED
[16:52:22.245] Drone 9 -> RETURNING
[16:52:22.246] Drone 11 dispatched to zone 3 (HIGH)
[16:52:23.687] Drone 10 -> COMPLETED
[16:52:23.687] Zone 1 extinguished by drone 10
[16:52:23.687] Drone 10 -> RETURNING
[16:52:24.779] Drone 9 -> REFILLING
[16:52:24.815] Drone 10 -> REFILLING
[16:52:24.904] Drone 11 -> ARRIVED
[16:52:24.904] Drone 11 reached zone 3
[16:52:24.904] Drone 11 -> DROPPING_AGENT
[16:52:26.779] Drone 9 -> IDLE
[16:52:26.816] Drone 10 -> IDLE
[16:52:28.904] Drone 11 -> COMPLETED
[16:52:28.904] Zone 3 extinguished by drone 11
[16:52:28.905] Drone 11 -> RETURNING
[16:52:31.440] Drone 11 -> REFILLING
[16:52:33.441] Drone 11 -> IDLE
[16:52:54.825] Fire detected at zone 5 (MODERATE, remaining 20L)
[16:52:54.826] Drone 12 dispatched to zone 5 (MODERATE)
[16:52:59.266] Drone 12 -> ARRIVED
[16:52:59.266] Drone 12 reached zone 5
[16:52:59.266] Drone 12 -> DROPPING_AGENT
[16:53:03.266] Drone 12 -> COMPLETED
[16:53:03.267] Drone 12 -> RETURNING
[16:53:03.267] Drone 13 dispatched to zone 5 (MODERATE)
[16:53:07.507] Drone 12 -> REFILLING
[16:53:07.708] Drone 13 -> ARRIVED
[16:53:07.708] Drone 13 reached zone 5
[16:53:07.708] Drone 13 -> DROPPING_AGENT
[16:53:09.508] Drone 12 -> IDLE
[16:53:11.708] Drone 13 -> COMPLETED
[16:53:11.708] Zone 5 extinguished by drone 13
[16:53:11.709] Drone 13 -> RETURNING
